approval_number,name,address,city,postcode,region,country,section,activity,slaughter,species,remarks,date_of_approval,publication_date
F913,A. LONHIENNE,"Rue de Droixhe, 21",Liège,4020,"Liège,Wallonia",Belgium,RM,CP,N,bovine caprine ovine,CP - Cutting Plant,,
F101349,A.F.B.,Daalstraat 4,Affligem,1790,"Flemish Brabant,Flanders",Belgium,RM,CP,N,bovine caprine ovine porcine,CP - Cutting Plant,,
1,ABATTOIR Nv,Quai Industrie 168,Anderlecht,1070,Brussels-Capital,Belgium,RM,SH,Y,bovine caprine ovine equine,SH - Slaughterhouse,,
F694 - 1,ALVLEES,Lange Slachterijstraat 51-59,Antwerpen,2060,"Antwerp,Flanders",Belgium,RM,CP,N,bovine,CP - Cutting Plant,,
32/4,ANI-VIANDES (Dussart Nicolas),"Place de l'Abattoir, 1",Charleroi,6000,"Hainaut,Wallonia",Belgium,RM,CP,N,bovine caprine ovine equine porcine,CP - Cutting Plant,,
F920,AUDENAERT-DE MEESTER,Hekelaarslaan 4,Lokeren,9160,"East Flanders,Flanders",Belgium,RM,CP,N,porcine,CP - Cutting Plant,,
1 (1),Abaco,Quai Industrie 168,Anderlecht,1070,Brussels-Capital,Belgium,RM,SH,Y,bovine caprine ovine equine,SH - Slaughterhouse,,
136,Abattoir Communal D'Aubel,Rue de Merckhof 111,Aubel,4880,"Liège,Wallonia",Belgium,RM,SH,Y,bovine caprine ovine,SH - Slaughterhouse,,
102305,Abattoir Communal De Virton,Rue d'Arlon 92,Virton,6760,"Luxembourg,Wallonia",Belgium,RM,SH,Y,,SH - Slaughterhouse,,
100963,Abattoir Communal de Gedinne,Rue Moulinai 38,Gedinne,5575,"Namur,Wallonia",Belgium,RM,SH,Y,bovine caprine ovine equine porcine,SH - Slaughterhouse,,
83,Abattoir De Liège,Rue de Droixhe 15,Liège,4020,"Liège,Wallonia",Belgium,RM,SH,Y,bovine caprine ovine,SH - Slaughterhouse,,
140,Abattoir communal,Chemin des Peupliers 22,Ath,7800,"Hainaut,Wallonia",Belgium,RM,SH,Y,bovine caprine ovine equine porcine,SH - Slaughterhouse,,
F104918,Amar K,Rue Ropsy Chaudron 24,Anderlecht,1070,Brussels-Capital,Belgium,RM,CP,N,bovine caprine ovine,CP - Cutting Plant,,
1/05,Amnimeat B.V.B.A.,Rue Ropsy Chaudron 24/5,Anderlecht,1070,Brussels-Capital,Belgium,RM,CP,N,bovine porcine,CP - Cutting Plant,,
36/1 (5),Anseeuw Sven,Statiestraat 153,Lichtervelde,8810,"West Flanders,Flanders",Belgium,RM,CP,N,bovine,CP - Cutting Plant,,
F104436,Ardenne Bovin Sprl,Avenue des Moissons 24,Perwez,1360,"Walloon Brabant,Wallonia",Belgium,RM,CP,N,bovine caprine ovine porcine,CP - Cutting Plant,,
F103736,Atelier St.-Pierre,Buntstraat 67,Evergem,9940,"East Flanders,Flanders",Belgium,RM,CP,N,bovine caprine ovine porcine,CP - Cutting Plant,,
F5,BACKX CHRIS BVBA,Molenweg 11,Wetteren,9230,"East Flanders,Flanders",Belgium,RM,CP,N,porcine,CP - Cutting Plant,,
F234,BEEF WORLD,Avenue de Heppignies(H) 1,Fleurus,6220,"Hainaut,Wallonia",Belgium,RM,CP,N,bovine,CP - Cutting Plant,,
F105253,BELFOOD CHICKEN PRODUCTS,Karnemelkstraat 7,Zelzate,9060,"East Flanders,Flanders",Belgium,RM,CP,N,bovine,CP - Cutting Plant,,
130/2,BELLIPORC,Winkelom 56,Geel,2440,"Antwerp,Flanders",Belgium,RM,CP,N,porcine,CP - Cutting Plant,,
F819,BENS NV,Nijverheidsstraat 24,Westerlo,2260,"Antwerp,Flanders",Belgium,RM,CP,N,porcine,CP - Cutting Plant,,
F1085,BERNARD GOTTA,Rue de Droixhe 23,Liège,4020,"Liège,Wallonia",Belgium,RM,CP,N,bovine caprine ovine equine porcine,CP - Cutting Plant,,
F129,BEST-VLEES,Vladslostraat 20 A,Diksmuide,8600,"West Flanders,Flanders",Belgium,RM,CP,N,bovine,CP - Cutting Plant,,
F104356,BIELEN FRANK,Hasseltsesteenweg 532,Tongeren-Borgloon,3700,"Limburg,Flanders",Belgium,RM,CP,N,bovine caprine ovine porcine,CP - Cutting Plant,,
F105331,BIZIM KASAP,Meulesteedsesteenweg 507,Ghent,9000,"East Flanders,Flanders",Belgium,RM,CP,N,bovine caprine ovine,CP - Cutting Plant,,
101281,BOUCHERIE ARTISANALE DOMINIQUE,Rue d'Aulnoit 23,Ellezelles,7890,"Hainaut,Wallonia",Belgium,RM,SH,Y,bovine caprine ovine porcine,SH - Slaughterhouse,,
F100398,BOURGONJON,Nijverheidskaai 18/B,Ghent,9040,"East Flanders,Flanders",Belgium,RM,CP,N,bovine porcine,CP - Cutting Plant,,
F101656,BOVIAN BVBA,Naamsesteenweg 29,Oud-Heverlee,3052,"Flemish Brabant,Flanders",Belgium,RM,CP,N,bovine porcine,CP - Cutting Plant,,
1/38,BOVO NV,Rue Ropsy Chaudron 24,Anderlecht,1070,Brussels-Capital,Belgium,RM,CP,N,bovine caprine ovine equine porcine,CP - Cutting Plant,,
F149,BRACKENIER Oscar en Eric,Keiberg 13,Oosterzele,9860,"East Flanders,Flanders",Belgium,RM,CP,N,porcine,CP - Cutting Plant,,
101070,BRICLET BENOIT,Place de Strée(ST) 2,Strée,6511,"Hainaut,Wallonia",Belgium,RM,SH,Y,bovine caprine ovine porcine,SH - Slaughterhouse,,
F409,BVBA Bert Maes,Nijverheidsstraat 2,Tielt,8760,"West Flanders,Flanders",Belgium,RM,CP,N,porcine,CP - Cutting Plant,,
100811,BVBA Openbaar Slachthuis Diksmuide-Oudekapelle,Nieuwkapellestraat 42,Diksmuide,8600,"West Flanders,Flanders",Belgium,RM,SH,Y,caprine ovine equine porcine bovine,SH - Slaughterhouse,,
F98,Beirens Andre,Zandstraat 97,Erpe-Mere,9420,"East Flanders,Flanders",Belgium,RM,CP,N,porcine,CP - Cutting Plant,,
103758,Belgian Meat Company,Rue du Blanc Bleu Belge 21,Mouscron/Moeskroen,7700,"Hainaut,Wallonia",Belgium,RM,SH,Y,porcine,SH - Slaughterhouse,,
F542,Bens Retail,Westerring 19,Oudenaarde,9700,"East Flanders,Flanders",Belgium,RM,CP,N,porcine,CP - Cutting Plant,,
F 508,Bonmeat,"Houtelweg, 1",Rijkevorsel,2310,"Antwerp,Flanders",Belgium,RM,CP,N,,CP - Cutting Plant,,
F104750,Boucherie De La Ferme Des Noyers,"Rue des Corbeaux, Corroy 31",Chaumont-Gistoux,1325,"Walloon Brabant,Wallonia",Belgium,RM,CP,N,bovine caprine ovine,CP - Cutting Plant,,
F850,Breydel,Legen Heirweg 2,Gavere,9890,"East Flanders,Flanders",Belgium,RM,CP,N,porcine,CP - Cutting Plant,,
F103354,CAMPO,Oostmalsebaan 3,Brecht,2960,"Antwerp,Flanders",Belgium,RM,CP,N,bovine caprine ovine equine porcine,CP - Cutting Plant,,
F101314,CARMANS E. & L.,Nijverheidspark 42,Beringen,3580,"Limburg,Flanders",Belgium,RM,CP,N,bovine caprine ovine equine porcine,CP - Cutting Plant,,
F388(1),CARMO,Overbroekstraat 6,Wellen,3830,"Limburg,Flanders",Belgium,RM,CP,N,bovine caprine ovine equine porcine,CP - Cutting Plant,,
F1124,CHABOT VIANDES S.A.,"Rue de la Naïe, Pre. 18",Couvin,5660,"Namur,Wallonia",Belgium,RM,CP,N,bovine caprine ovine equine porcine,CP - Cutting Plant,,
F629,CHARCUTERIE BOVIE,Plein 10,Tongeren-Borgloon,3700,"Limburg,Flanders",Belgium,RM,CP,N,bovine caprine ovine equine porcine,CP - Cutting Plant,,
F60,CHEVIDECO,Lar P20,Menen,8930,"West Flanders,Flanders",Belgium,RM,CP,N,equine,CP - Cutting Plant,,
79/2-1,CINFRA BVBA,Mechelsesteenweg 101,Heist-op-den-Berg,2220,"Antwerp,Flanders",Belgium,RM,CP,N,bovine,CP - Cutting Plant,,
F446,COENEN & CO VLEESWAREN EN ZUIVELPRODUKTEN,Groenlarenstraat 40,Lummen,3560,"Limburg,Flanders",Belgium,RM,CP,N,bovine,CP - Cutting Plant,,
F80,COLSON ROBERT NV,Dorpsstraat 11,As,3665,"Limburg,Flanders",Belgium,RM,CP,N,bovine caprine ovine equine porcine,CP - Cutting Plant,,
F103585(1),COLSON ROGER NV,Meerkensstraat 57,Dilsen-Stokkem,3650,"Limburg,Flanders",Belgium,RM,CP,N,bovine caprine ovine equine porcine,CP - Cutting Plant,,
171/1,COMECO NV,John Lijsenstraat 55,Hoogstraten,2321,"Antwerp,Flanders",Belgium,RM,CP,N,porcine,CP - Cutting Plant,,
F167,CROKAERT EMMANUEL SPRL,Rue des Postes 13,Braine-le-Comte,7090,"Hainaut,Wallonia",Belgium,RM,CP,N,bovine caprine ovine equine porcine,CP - Cutting Plant,,
F751,CROMBEZ VLEESHANDEL,Secretaris Vanmarckelaan 21,Moorsele,8560,"West Flanders,Flanders",Belgium,RM,CP,N,bovine porcine,CP - Cutting Plant,,
140/3,"Carion, Cédric Yvan","Chemin des Peupliers, 22",Ath,7800,"Hainaut,Wallonia",Belgium,RM,CP,N,bovine caprine ovine equine porcine,CP - Cutting Plant,,
F103347,Carnivale,Gentseweg(HSD) 309/C06,Beveren-Kruibeke-Zwijndrecht,9120,"East Flanders,Flanders",Belgium,RM,CP,N,bovine caprine ovine porcine,CP - Cutting Plant,,
F475,Centre de Formation permanente des Classes moyennes et des Petite et Moyennes Entreprises de Liéges-Huy-Verviers,"Rue de Waremme, 101",Villers-le-Bouillet,4530,"Liège,Wallonia",Belgium,RM,CP,N,bovine caprine ovine porcine,CP - Cutting Plant,,
171,Comeco,John Lijsenstraat 55,Hoogstraten,2321,"Antwerp,Flanders",Belgium,RM,SH,Y,porcine,SH - Slaughterhouse,,
125/1,Covameat,Komenstraat(Wijtsch) 73,Heuvelland,8953,"West Flanders,Flanders",Belgium,RM,CP,N,porcine,CP - Cutting Plant,,
125,Covameat,Komenstraat(Wijtsch) 73,Heuvelland,8953,"West Flanders,Flanders",Belgium,RM,SH,Y,porcine,SH - Slaughterhouse,,
F105290,CÔTE A CÔTE,Rue Griange 3,Huy,4500,"Liège,Wallonia",Belgium,RM,CP,N,bovine porcine,CP - Cutting Plant,,
F353,D'ARGIFRAL SA,"Avenue Mercury,Chaineux 5",Herve,4650,"Liège,Wallonia",Belgium,RM,CP,N,porcine,CP - Cutting Plant,,
F43,D'hulster Benedikt,Boomstraat 1,Moorslede,8890,"West Flanders,Flanders",Belgium,RM,CP,N,porcine,CP - Cutting Plant,,
F162,DE BRANDT,Eikstraat 6 B,Lochristi,9080,"East Flanders,Flanders",Belgium,RM,CP,N,bovine caprine ovine equine porcine,CP - Cutting Plant,,
F9,DE GROOF NV.,Ernest Claesstraat(HRT) 30 b A,Herentals,2200,"Antwerp,Flanders",Belgium,RM,CP,N,bovine caprine ovine equine porcine,CP - Cutting Plant,,
F243,DE LAUSNAY RENE BVBA,Ascopstraat 39,Laarne,9270,"East Flanders,Flanders",Belgium,RM,CP,N,bovine caprine ovine equine porcine,CP - Cutting Plant,,
F637,DE MOOR-POPPE,Grote Steenweg 56,Lede,9340,"East Flanders,Flanders",Belgium,RM,CP,N,porcine,CP - Cutting Plant,,
F824,DE ROOSE en Zonen,Boulevard des Anglais 90,Ronse,9600,"East Flanders,Flanders",Belgium,RM,CP,N,bovine porcine,CP - Cutting Plant,,
F161,DE ROOVER - DE MEESTER,Kruisstraat 14,Belsele,9111,"East Flanders,Flanders",Belgium,RM,CP,N,porcine,CP - Cutting Plant,,
F753,DE STOOP BVBA,Eugène Bekaertlaan 14,Waregem,8790,"West Flanders,Flanders",Belgium,RM,CP,N,porcine,CP - Cutting Plant,,
F903,DE WULF II,Gentweg 76,Gavere,9890,"East Flanders,Flanders",Belgium,RM,CP,N,porcine,CP - Cutting Plant,,
17/1,DEBRA-MEAT NV,Hoogserleistraat 3,Tielt,8700,"West Flanders,Flanders",Belgium,RM,CP,N,porcine,CP - Cutting Plant,,
F87,DEFECHEREUX - LEUFGEN,Rue de Droixhe 21/b,Liège,4020,"Liège,Wallonia",Belgium,RM,CP,N,bovine caprine ovine porcine,CP - Cutting Plant,,
F281,DEGO,Ballingsweg 15,Zottegem,9620,"East Flanders,Flanders",Belgium,RM,CP,N,porcine,CP - Cutting Plant,,
F839,DEKEYZER-OSSAER,Barnestraat 1,Koekelare,8680,"West Flanders,Flanders",Belgium,RM,CP,N,bovine caprine ovine porcine,CP - Cutting Plant,,
F1102,DELA FRESH B.V.B.A.,Rue Ropsy Chaudron 55-57,Anderlecht,1070,Brussels-Capital,Belgium,RM,CP,N,bovine caprine ovine equine porcine,CP - Cutting Plant,,
F126,DELAVI,Tenhovestraat 10,Tielt,8700,"West Flanders,Flanders",Belgium,RM,CP,N,porcine,CP - Cutting Plant,,
F818,DELEMEAT,Nijverheidslaan 57,Gullegem,8560,"West Flanders,Flanders",Belgium,RM,CP,N,bovine caprine ovine porcine,CP - Cutting Plant,,
F846,DEOM Marc,"Rue du Marché Couvert, 19",Bastogne,6600,"Luxembourg,Wallonia",Belgium,RM,CP,N,bovine caprine ovine porcine,CP - Cutting Plant,,
F467,DEVOOGDT MARNICK B.V.B.A.,Porreyestraat 9,Vlamertinge,8908,"West Flanders,Flanders",Belgium,RM,CP,N,bovine,CP - Cutting Plant,,
F273,DHAGRAMEAT,Nijverheidslaan (M) 13,Zwevegem,8552,"West Flanders,Flanders",Belgium,RM,CP,N,porcine,CP - Cutting Plant,,
F103885,DIFALUX,Rue de Jausse(NN) 55,Namur,5100,"Namur,Wallonia",Belgium,RM,CP,N,bovine caprine ovine porcine,CP - Cutting Plant,,
F496,DISTRI CARNE,Tramstraat 11,Wevelgem,8560,"West Flanders,Flanders",Belgium,RM,CP,N,bovine porcine caprine ovine,CP - Cutting Plant,,
F103583,DL - VH,Industrieweg 22,Aartselaar,2630,"Antwerp,Flanders",Belgium,RM,CP,N,bovine caprine ovine equine porcine,CP - Cutting Plant,,
F150,DL MEAT BVBA,Schaapstraat 97,Blankenberge,8370,"West Flanders,Flanders",Belgium,RM,CP,N,bovine caprine ovine,CP - Cutting Plant,,
F104011,DP Meat,Harelbeeksestraat 96,Kuurne,8520,"West Flanders,Flanders",Belgium,RM,CP,N,bovine porcine,CP - Cutting Plant,,
F508,DTS MEAT PROCESSING N.V.,Houtelweg 1,Rijkevorsel,2310,"Antwerp,Flanders",Belgium,RM,CP,N,porcine,CP - Cutting Plant,,
F101455,DUDEMSA BVBA,Slingerweg 64,Genk,3600,"Limburg,Flanders",Belgium,RM,CP,N,bovine caprine ovine,CP - Cutting Plant,,
F580,Dameat,Gipsweg 4,Evergem,9940,"East Flanders,Flanders",Belgium,RM,CP,N,bovine caprine ovine equine porcine,CP - Cutting Plant,,
F1037,De Flou Steven,Urselweg 16B,Maldegem,9990,"East Flanders,Flanders",Belgium,RM,CP,N,porcine,CP - Cutting Plant,,
F103322,De Mulder Patrick,Herentalsebaan 406/D6,Wommelgem,2160,"Antwerp,Flanders",Belgium,RM,CP,N,porcine,CP - Cutting Plant,,
F104343,De Plaetse Molen,Lichterveldestraat 19/B,Pittem,8740,"West Flanders,Flanders",Belgium,RM,CP,N,bovine porcine,CP - Cutting Plant,,
F104242,De Roover,Doornstraat 145,Temse,9140,"East Flanders,Flanders",Belgium,RM,CP,N,porcine,CP - Cutting Plant,,
F65,De Roy Vlees BV,Mechelsesteenweg(CEN) 224,Sint-Katelijne-Waver,2860,"Antwerp,Flanders",Belgium,RM,CP,N,bovine caprine ovine equine porcine,CP - Cutting Plant,,
F25,De Vlaeminck Ivan en Zoon,Zuidstraat 34,Kaprijke,9970,"East Flanders,Flanders",Belgium,RM,CP,N,porcine,CP - Cutting Plant,,
1068,Debaenst / Cuisine Catherine / Viangel,Rue du Blanc Bleu Belge 11,Mouscron/Moeskroen,7700,"Hainaut,Wallonia",Belgium,RM,SH CP,Y,bovine caprine ovine porcine,SH - Slaughterhouse | CP - Cutting Plant,,
F544,Delimeal West,Gravestraat 7 B,Wingene,8750,"West Flanders,Flanders",Belgium,RM,CP,N,bovine caprine ovine porcine,CP - Cutting Plant,,
F344,Delvaux J.-J.,Rue de la Grande Sambresse(TX) 10,Namur,5020,"Namur,Wallonia",Belgium,RM,CP,N,bovine caprine ovine equine porcine,CP - Cutting Plant,,
F260,Desmet Vleeshandel & Zn BV,Hulstestraat 5,Oostrozebeke,8780,"West Flanders,Flanders",Belgium,RM,CP,N,bovine caprine ovine equine,CP - Cutting Plant,,
F809,Dialex,Grote Baan 25,Lievegem,9920,"East Flanders,Flanders",Belgium,RM,CP,N,porcine,CP - Cutting Plant,,
F192,Dierckx Jef En Zonen,Energielaan 24 b 8,Kapellen,2950,"Antwerp,Flanders",Belgium,RM,CP,N,porcine,CP - Cutting Plant,,
F103376,Dierendonck Butchery,Albert I laan 70,Veurne,8630,"West Flanders,Flanders",Belgium,RM,CP,N,bovine caprine ovine porcine,CP - Cutting Plant,,
F667,Dierickx N.V.,Baaikensstraat 12,Zele,9240,"East Flanders,Flanders",Belgium,RM,CP,N,bovine,CP - Cutting Plant,,
36/1 (1),Dobbelaere Dominique,Statiestraat 153,Lichtervelde,8810,"West Flanders,Flanders",Belgium,RM,CP,N,bovine,CP - Cutting Plant,,
11,E.E.G. SLACHTHUIS MARCEL VAN HOORNWEDER & ZOON,Vredelaan 7,Torhout,8820,"West Flanders,Flanders",Belgium,RM,SH,Y,porcine,SH - Slaughterhouse,,
160,EEG SLACHTHUIS MECHELEN,Slachthuislaan 1,Mechelen,2800,"Antwerp,Flanders",Belgium,RM,SH,Y,bovine equine porcine,SH - Slaughterhouse,,
F396,ETABLISSEMENTS HARTMAN ET FILS,Chaussée de Neufchâteau 71,Vaux-sur-Sûre,6640,"Luxembourg,Wallonia",Belgium,RM,CP,N,bovine caprine ovine porcine,CP - Cutting Plant,,
59/1,ETN ADRIAENS NV,Slachthuisstraat 1,Zottegem,9620,"East Flanders,Flanders",Belgium,RM,CP,N,bovine,CP - Cutting Plant,,
F449,EUROKIP DE WAELE-VAN OSSELAER,Eurolaan 15,Temse,9140,"East Flanders,Flanders",Belgium,RM,CP,N,bovine caprine ovine,CP - Cutting Plant,,
F188,Equinox,Bijkhoevelaan 20,Wijnegem,2110,"Antwerp,Flanders",Belgium,RM,CP,N,bovine caprine ovine equine porcine,CP - Cutting Plant,,
F423,Ets Allaert S.A.,Rue du Compas 63,Anderlecht,1070,Brussels-Capital,Belgium,RM,CP,N,bovine caprine ovine equine porcine,CP - Cutting Plant,,
129,Euro Meat Group,Rue de l'Abattoir 46,Mouscron/Moeskroen,7700,"Hainaut,Wallonia",Belgium,RM,SH,Y,bovine,SH - Slaughterhouse,,
51/2,Exportslachthuis De Coster NV,"Kloosterstraat, 140A",Wingene,8755,"West Flanders,Flanders",Belgium,RM,CP,N,porcine,CP - Cutting Plant,,
51,Exportslachthuis De Coster NV,"Kloosterstraat, 140A",Wingene,8755,"West Flanders,Flanders",Belgium,RM,SH,Y,porcine,SH - Slaughterhouse,,
17,Exportslachthuis Tielt,Hoogserleistraat 3,Tielt,8700,"West Flanders,Flanders",Belgium,RM,SH,Y,porcine,SH - Slaughterhouse,,
F680,FESTIN,Chaussée de Tongres 46,Rocourt,4000,"Liège,Wallonia",Belgium,RM,CP,N,bovine caprine ovine porcine,CP - Cutting Plant,,
F84,FIAN MEAT BVBA,Heiendestraat 94,Lokeren,9160,"East Flanders,Flanders",Belgium,RM,CP,N,bovine caprine ovine equine porcine,CP - Cutting Plant,,
F949,FLANDERS MEAT TRADING,Vismijnlaan 14-15-16-17,Oostende,8400,"West Flanders,Flanders",Belgium,RM,CP,N,bovine porcine,CP - Cutting Plant,,
F10,FLORU,Watermolenstraat 10,Erembodegem,9320,"East Flanders,Flanders",Belgium,RM,CP,N,porcine,CP - Cutting Plant,,
F636,FM MEAT,Rozendaalstraat 125,Ypres,8900,"West Flanders,Flanders",Belgium,RM,CP,N,bovine caprine ovine equine porcine,CP - Cutting Plant,,
F443,FRESH SPEGELAERE,Fabriekweg(EER) 5,Eernegem,8480,"West Flanders,Flanders",Belgium,RM,CP,N,bovine caprine ovine equine porcine,CP - Cutting Plant,,
F355,Fiers J. & B.,Wiedauwkaai 49,Ghent,9000,"East Flanders,Flanders",Belgium,RM,CP,N,bovine caprine ovine equine porcine,CP - Cutting Plant,,
F64,Finartes NV,Fabriekweg(EER) 11-13,Ichtegem,8480,"West Flanders,Flanders",Belgium,RM,CP,N,porcine,CP - Cutting Plant,,
F107,Firma Charles De Nil en zoon,Zwaarveld 39,Hamme,9220,"East Flanders,Flanders",Belgium,RM,CP,N,equine,CP - Cutting Plant,,
56,Flanders Meat Group Zele,Baaikensstraat 33,Zele,9240,"East Flanders,Flanders",Belgium,RM,SH,Y,bovine,SH - Slaughterhouse,,
F869,Fribona NV,Vliegweg 23,Oostkamp,8020,"West Flanders,Flanders",Belgium,RM,CP,N,bovine porcine,CP - Cutting Plant,,
13,G. VAN LANDSCHOOT & ZONEN NV,Prins Boudewijnlaan 22,Maldegem,9990,"East Flanders,Flanders",Belgium,RM,SH,Y,porcine,SH - Slaughterhouse,,
13/1,G. VAN LANDSCHOOT & ZONEN NV,Prins Boudewijnlaan 22,Maldegem,9990,"East Flanders,Flanders",Belgium,RM,CP,N,porcine,CP - Cutting Plant,,
F89,G.H.L.,Rue de Merckhof 113,Aubel,4880,"Liège,Wallonia",Belgium,RM,CP,N,bovine caprine ovine porcine,CP - Cutting Plant,,
79/2,GEBR. VAN DEN PUTTE,Mechelsesteenweg 101,Heist-op-den-Berg,2220,"Antwerp,Flanders",Belgium,RM,CP,N,bovine caprine ovine equine porcine,CP - Cutting Plant,,
1/39,GEBROEDERS GRADE BVBA,Rue Ropsy Chaudron 24,Anderlecht,1070,Brussels-Capital,Belgium,RM,CP,N,bovine caprine ovine equine porcine,CP - Cutting Plant,,
F566,GEYSKENS-DELIKATESSEN Beringen,Terbekstraat 16,Beringen,3580,"Limburg,Flanders",Belgium,RM,CP,N,bovine caprine ovine equine porcine,CP - Cutting Plant,,
F9-1,GIELIS,Ernest Claesstraat(HRT) 30 / A,Herentals,2200,"Antwerp,Flanders",Belgium,RM,CP,N,bovine,CP - Cutting Plant,,
F415,GMG Versmarkt,Slachthuisstraat 20,Sint-Truiden,3800,"Limburg,Flanders",Belgium,RM,CP,N,bovine caprine ovine equine porcine,CP - Cutting Plant,,
F101248,GOOD MEAT,Venecolaan 28,Aalter,9880,"East Flanders,Flanders",Belgium,RM,CP,N,bovine caprine ovine equine porcine,CP - Cutting Plant,,
F781,GREEN MEAT,Lar P 22,Menen,8930,"West Flanders,Flanders",Belgium,RM,CP,N,bovine caprine ovine equine,CP - Cutting Plant,,
F1125,GUSTOBEL BV,Krommebeekpark 10,Roeselare,8800,"West Flanders,Flanders",Belgium,RM,CP,N,bovine caprine ovine equine porcine,CP - Cutting Plant,,
F241,Gold Meat Belgium NV,Industrieweg 6,Heusden-Zolder,3550,"Limburg,Flanders",Belgium,RM,CP,N,porcine,CP - Cutting Plant,,
36/1 (2),Gratiën De Kock,Statiestraat 153,Lichtervelde,8810,"West Flanders,Flanders",Belgium,RM,CP,N,bovine,CP - Cutting Plant,,
F104591 // 160,H+,Haagdam 2A en +2A,Temse,9140,"East Flanders,Flanders",Belgium,RM,SH CP,Y,bovine,SH - Slaughterhouse | CP - Cutting Plant,,
F823,H.G.C.- HANOS,Nijverheidsstraat 54 E,Wommelgem,2160,"Antwerp,Flanders",Belgium,RM,CP,N,bovine caprine ovine equine porcine,CP - Cutting Plant,,
F100210(1),H.G.C.-HANOS,Herkenrodesingel 81,Hasselt,3500,"Limburg,Flanders",Belgium,RM,CP,N,bovine caprine ovine equine porcine,CP - Cutting Plant,,
F796,HANSSENS CATERING,Ambachtenlaan 2,Wevelgem,8560,"West Flanders,Flanders",Belgium,RM,CP,N,bovine caprine ovine porcine,CP - Cutting Plant,,
F101459,HAS FOOD,Turfputten 6,Olen,2250,"Antwerp,Flanders",Belgium,RM,CP,N,bovine caprine ovine,CP - Cutting Plant,,
F17,HESPEN MELI,Drevendaal 26,Sint-Katelijne-Waver,2860,"Antwerp,Flanders",Belgium,RM,CP,N,porcine,CP - Cutting Plant,,
F41,HILDAS NV,BOEKTERHEIDE 34,Zolder,3550,"Limburg,Flanders",Belgium,RM,CP,N,caprine ovine,CP - Cutting Plant,,
F1139,HIVIAN,Melanedreef 18,Houthulst,8650,"West Flanders,Flanders",Belgium,RM,CP,N,bovine caprine ovine equine porcine,CP - Cutting Plant,,
F689,HORE-MEAT,Drève André Dujardin(L) 58,Luingne,7700,"Hainaut,Wallonia",Belgium,RM,CP,N,bovine caprine ovine porcine,CP - Cutting Plant,,
F323,HORECA TOTAAL BRUGGE,Sint-Pietersgroenestraat 8-10,Bruges,8000,"West Flanders,Flanders",Belgium,RM,CP,N,bovine caprine ovine porcine,CP - Cutting Plant,,
F105382,HURIKO-BEEF NV,BERGENSESTEENWEG 846,Sint-Pieters-Leeuw,1600,"Flemish Brabant,Flanders",Belgium,RM,CP,N,bovine caprine ovine,CP - Cutting Plant,,
F608 (1),Haillez Dirk,Ijshoutestraat 52,Sint-Lievens-Houtem,9520,"East Flanders,Flanders",Belgium,RM,CP,N,bovine porcine,CP - Cutting Plant,,
1/31,Havian,Rue Ropsy Chaudron 24/30,Anderlecht,1070,Brussels-Capital,Belgium,RM,CP,N,bovine caprine ovine equine porcine,CP - Cutting Plant,,
F104340,Hilton Foods Belgium,Skaldenstraat 114,Ghent,9042,"East Flanders,Flanders",Belgium,RM,CP,N,bovine porcine,CP - Cutting Plant,,
F104887,Horeca Meat Service Bvba,Moerbroek 26,Herenthout,2270,"Antwerp,Flanders",Belgium,RM,CP,N,bovine caprine ovine equine porcine,CP - Cutting Plant,,
F168,Hotelschool Hasselt,Elfde-Liniestraat 22,Hasselt,3500,"Limburg,Flanders",Belgium,RM,CP,N,bovine porcine,CP - Cutting Plant,,
F802,Hotelschool en Slagerijschool Ter Groene Poorte,Spoorwegstraat 14,Sint-Michiels,8200,"West Flanders,Flanders",Belgium,RM,CP,N,bovine caprine ovine porcine,CP - Cutting Plant,,
F789,I.T.C.A. - Institut des Techniques et des Commerces agroalimentaires,Chaussée de Nivelles(SL) 204,Namur,5020,"Namur,Wallonia",Belgium,RM,CP,N,bovine caprine ovine porcine,CP - Cutting Plant,,
F103708,IM KIP,Hofstraat 64,Houthalen-Helchteren,3530,"Limburg,Flanders",Belgium,RM,CP,N,bovine caprine ovine,CP - Cutting Plant,,
F104744,Inter Work Group,Steenkaaistraat (BAA) 5,Dendermonde,9200,"East Flanders,Flanders",Belgium,RM,CP,N,bovine caprine ovine,CP - Cutting Plant,,
F102796,International Meat Trading,Slachthuisstraat 26,Mol,2400,"Antwerp,Flanders",Belgium,RM,CP,N,bovine caprine ovine,CP - Cutting Plant,,
F317,J.PROOST JEPRO,Wechelsebaan 50,Lille,2275,"Antwerp,Flanders",Belgium,RM,CP,N,bovine caprine ovine porcine,CP - Cutting Plant,,
F831,JADEMO NV,"Ballingsweg, 5/1",Zottegem,9620,"East Flanders,Flanders",Belgium,RM,CP,N,porcine,CP - Cutting Plant,,
F506,JEAN GOFFARD,Aubin(NEU) 12,Neufchâteau,4608,"Liège,Wallonia",Belgium,RM,CP,N,bovine caprine ovine porcine,CP - Cutting Plant,,
F100492,JIDA BVBA,Slachthuislaan 14,Mechelen,2800,"Antwerp,Flanders",Belgium,RM,CP,N,bovine caprine ovine equine porcine,CP - Cutting Plant,,
F104228,JO HERBOTS,Lichtenberglaan 2085,Sint-Truiden,3800,"Limburg,Flanders",Belgium,RM,CP,N,bovine caprine ovine,CP - Cutting Plant,,
F103585(2),JOMA,Meerkensstraat 57,Dilsen-Stokkem,3668,"Limburg,Flanders",Belgium,RM,CP,N,bovine caprine ovine equine porcine,CP - Cutting Plant,,
F101202,JOSAN,Ongelberg 2,Balen,2490,"Antwerp,Flanders",Belgium,RM,CP,N,bovine equine porcine,CP - Cutting Plant,,
F425,Jan De Graef en Co,Slachthuisstraat 1,Zottegem,9620,"East Flanders,Flanders",Belgium,RM,CP,N,bovine,CP - Cutting Plant,,
F91,Jan Machtelinckx,Baaigemstraat 335,Gavere,9890,"East Flanders,Flanders",Belgium,RM,CP,N,porcine,CP - Cutting Plant,,
100939,"Jaspart, Bertrand",Rue de Sart 1,Paliseul,6850,"Luxembourg,Wallonia",Belgium,RM,SH,Y,bovine porcine,SH - Slaughterhouse,,
F104768,Jos Leemput,Rue de la Spinette 7,Geer,4250,"Liège,Wallonia",Belgium,RM,CP,N,bovine caprine ovine porcine,CP - Cutting Plant,,
F103951,KEMPISCH FOODSERVICE,Noordervaart(HRT) 35,Herentals,2200,"Antwerp,Flanders",Belgium,RM,CP,N,bovine caprine ovine equine porcine,CP - Cutting Plant,,
1/28,KESTEMONT B.V.B.A,Rue Ropsy Chaudron 24,Anderlecht,1070,Brussels-Capital,Belgium,RM,CP,N,bovine caprine ovine equine porcine,CP - Cutting Plant,,
1/42,Kalfsvlees Verhaeren,Rue Ropsy Chaudron 24 b 34,Anderlecht,1070,Brussels-Capital,Belgium,RM,CP,N,bovine,CP - Cutting Plant,,
F100159,LA BOUCHERIE SA,Rue Bollinckx 45,Anderlecht,1070,Brussels-Capital,Belgium,RM,CP,N,bovine caprine ovine equine,CP - Cutting Plant,,
F226,LAMMENS-EDNO VLEESWAREN,Bohemen 101A,Wichelen,9260,"East Flanders,Flanders",Belgium,RM,CP,N,porcine,CP - Cutting Plant,,
3/1,LAVAMEAT,Diksmuidestraat(STA) 154,Staden,8840,"West Flanders,Flanders",Belgium,RM,CP,N,porcine,CP - Cutting Plant,,
F500170,LE PETIT CHASSEUR,WINGENSESTEENWEG 60,Tielt,8700,"West Flanders,Flanders",Belgium,RM,CP,N,porcine,CP - Cutting Plant,,
F694,LEEMANS-BONELESS,Lange Slachterijstraat 51-59,Antwerpen,2060,"Antwerp,Flanders",Belgium,RM,CP,N,bovine caprine ovine porcine equine,CP - Cutting Plant,,
F612,LES BOUCHERIES ET CHARCUTERIES ARTISANALES J. VANDERBYSE,Rue Joseph Dethier 34/B,Awans,4340,"Liège,Wallonia",Belgium,RM,CP,N,bovine caprine ovine equine porcine,CP - Cutting Plant,,
129/1,LIETAER,"Rue de l'Abattoir, 36",Mouscron/Moeskroen,7700,"Hainaut,Wallonia",Belgium,RM,CP,N,bovine caprine ovine equine porcine,CP - Cutting Plant,,
F664,LIMBURGSE VLEESMARKT,Vlinderstraat 8,Heusden-Zolder,3550,"Limburg,Flanders",Belgium,RM,CP,N,bovine caprine ovine equine porcine,CP - Cutting Plant,,
F1012,LOCKS NV,Skaldenstraat 112,Ghent,9042,"East Flanders,Flanders",Belgium,RM,CP,N,porcine,CP - Cutting Plant,,
130/4,LORNOY,Winkelom 52,Geel,2440,"Antwerp,Flanders",Belgium,RM,CP,N,bovine,CP - Cutting Plant,,
135,LOVENFOSSE,Rue de Merckhof 44,Aubel,4880,"Liège,Wallonia",Belgium,RM,SH,Y,porcine,SH - Slaughterhouse,,
F341,LOVENFOSSE,Rue de Merckhof 110,Aubel,4880,"Liège,Wallonia",Belgium,RM,CP,N,porcine,CP - Cutting Plant,,
F389,LYFA SRL,Rue Léon Delacroix 12,Anderlecht,1070,Brussels-Capital,Belgium,RM,CP,N,bovine caprine ovine porcine equine,CP - Cutting Plant,,
F1160,La New Triperie des Tanneurs,Rue Ropsy Chaudron 24 b 39,Anderlecht,1070,Brussels-Capital,Belgium,RM,CP,N,bovine porcine,CP - Cutting Plant,,
101383,"Leblon, Daniel",Chaussée Brunehaut (Que) 176,Quevaucamps,7972,"Hainaut,Wallonia",Belgium,RM,SH,Y,bovine caprine ovine porcine,SH - Slaughterhouse,,
195,Les Abattoirs Du Hainaut,Route Charlemagne(BLX) 10/B,Chimay,1000,"Hainaut,Wallonia",Belgium,RM,SH,Y,ovine caprine bovine,SH - Slaughterhouse,,
F435,Levano et fils S.P.R.L.,Rue Ropsy Chaudron 39,Anderlecht,1070,Brussels-Capital,Belgium,RM,CP,N,bovine caprine ovine,CP - Cutting Plant,,
F194(1),Limburgs vleesbedrijf,Katteweidelaan 45,Diepenbeek,3590,"Limburg,Flanders",Belgium,RM,CP,N,bovine caprine ovine equine porcine,CP - Cutting Plant,,
F100634,Linca Food,Boskouter 7,Zottegem,9620,"East Flanders,Flanders",Belgium,RM,CP,N,bovine caprine ovine porcine,CP - Cutting Plant,,
F508/1,Lineage Rijkevorsel,Houtelweg 1,Rijkevorsel,2310,"Antwerp,Flanders",Belgium,RM,CP,N,porcine,CP - Cutting Plant,,
F638,Long-Van Langendonck,Riddersstraat 139-141-143,Leuven,3000,"Flemish Brabant,Flanders",Belgium,RM,CP,N,bovine caprine ovine equine porcine,CP - Cutting Plant,,
F103295,MACHA ALLAH VIANDES,Rue Ropsy Chaudron 24/18,Anderlecht,1070,Brussels-Capital,Belgium,RM,CP,N,bovine ovine caprine,CP - Cutting Plant,,
F848,MARMO VLEESGROOTHANDEL,Reppelsebaan 65,Diest,3294,"Flemish Brabant,Flanders",Belgium,RM,CP,N,bovine porcine,CP - Cutting Plant,,
F137,MARSO,Stropstraat 1,Oudenaarde,9700,"East Flanders,Flanders",Belgium,RM,CP,N,bovine porcine,CP - Cutting Plant,,
F88,MEAT & MORE,Groendreef 10,Aalter,9880,"East Flanders,Flanders",Belgium,RM,CP,N,bovine porcine,CP - Cutting Plant,,
F9005,MEAT FOR YOU,Rue de la Cale Sèche 52,Oupeye,4684,"Liège,Wallonia",Belgium,RM,CP,N,bovine porcine,CP - Cutting Plant,,
F822,MEAT SERVICE NV,Olsensesteenweg(KRU) 41 b A000,Kruisem,9770,"East Flanders,Flanders",Belgium,RM,CP,N,bovine caprine ovine equine porcine,CP - Cutting Plant,,
F63,MEAT SUPPLY,Kaarderslaan 4,Lokeren,9160,"East Flanders,Flanders",Belgium,RM,CP,N,porcine,CP - Cutting Plant,,
F759,MEATIER BV,Schorestraat 61 B,Middelkerke,8433,"West Flanders,Flanders",Belgium,RM,CP,N,bovine caprine ovine equine porcine,CP - Cutting Plant,,
100960,METZGEREI MICHELS SPRL,"Bergstraße,Recht 8",St. Vith,4782,"Liège,Wallonia",Belgium,RM,SH,Y,bovine porcine,SH - Slaughterhouse,,
"F94, 103627",MOERBEKO,Baaikensstraat 29,Zele,9240,"East Flanders,Flanders",Belgium,RM,SH CP,Y,bovine caprine ovine,SH - Slaughterhouse | CP - Cutting Plant,,
F8,MUES GEORGES & CO BVBA,Slachthuisstraat 10,Tienen,3300,"Flemish Brabant,Flanders",Belgium,RM,CP,N,bovine caprine ovine equine porcine,CP - Cutting Plant,,
F100770,Maes Marc,Loberg 2,Lommel,3920,"Limburg,Flanders",Belgium,RM,CP,N,bovine caprine ovine porcine,CP - Cutting Plant,,
F101799,Malfait,'t Hoge(KOR) 108,Kortrijk,8500,"West Flanders,Flanders",Belgium,RM,CP,N,bovine equine porcine,CP - Cutting Plant,,
F105328,Manuservice,Robert Dansaertlaan 230,Dilbeek,1702,"Flemish Brabant,Flanders",Belgium,RM,CP,N,bovine caprine ovine equine porcine,CP - Cutting Plant,,
"174, 174/1",Matanza,Paillartcamp 6,Ronse,9600,"East Flanders,Flanders",Belgium,RM,SH CP,Y,bovine caprine ovine porcine equine,SH - Slaughterhouse | CP - Cutting Plant,,
F476,"Mauriën, Georges",Hollandstraat 1A,Heist-op-den-Berg,2220,"Antwerp,Flanders",Belgium,RM,CP,N,bovine porcine,CP - Cutting Plant,,
F642,Meat & Storage DC,Paalstraat 10,Oudenaarde,9700,"East Flanders,Flanders",Belgium,RM,CP,N,porcine,CP - Cutting Plant,,
F774,Meco Group,Leegaardsdijk 2,Oostende,8400,"West Flanders,Flanders",Belgium,RM,CP,N,bovine caprine ovine equine porcine,CP - Cutting Plant,,
F103715,Merkez Camlica GmbH,Industriestrasse 31,Eupen,4700,"Liège,Wallonia",Belgium,RM,CP,N,bovine caprine ovine,CP - Cutting Plant,,
F853,N.V. Vleeshandel Vens,Burgemeester R. Vandemaeleplein 8,Lendelede,8860,"West Flanders,Flanders",Belgium,RM,CP,N,bovine porcine,CP - Cutting Plant,,
F910,NATUURVLEES DOBBELAERE BVBA,Tarwerentestraat 2,Damme,8340,"West Flanders,Flanders",Belgium,RM,CP,N,bovine caprine ovine porcine,CP - Cutting Plant,,
F105250,NEDOSA SPRL,"Rue des Gaillettes, 5",Battice,4651,"Liège,Wallonia",Belgium,RM,CP,N,bovine caprine ovine,CP - Cutting Plant,,
F675,NIEUWPOORTS VLEESBEDRIJF,Ramskapellestraat 6,Nieuwpoort,8620,"West Flanders,Flanders",Belgium,RM,CP,N,bovine caprine ovine equine porcine,CP - Cutting Plant,,
153/1,NOORDVLEES VAN GOOL,Bloemstraat (Ab) 56,Kalmthout,2920,"Antwerp,Flanders",Belgium,RM,CP,N,porcine,CP - Cutting Plant,,
153,NOORDVLEES VAN GOOL,Bloemstraat (Ab) 56,Kalmthout,2920,"Antwerp,Flanders",Belgium,RM,SH,Y,porcine,SH - Slaughterhouse,,
130/1,NORENCA,Winkelom 58,Geel,2440,"Antwerp,Flanders",Belgium,RM,CP,N,bovine porcine,CP - Cutting Plant,,
F27,NV VLEESHANDEL DE WAELE,Steenweg op Deinze 49 B,Aalter,9880,"East Flanders,Flanders",Belgium,RM,CP,N,porcine,CP - Cutting Plant,,
"131/1, 131",NV. M. Ryckaert,"Slachthuisstraat, 20",Eeklo,9900,"East Flanders,Flanders",Belgium,RM,SH CP,Y,bovine porcine,SH - Slaughterhouse | CP - Cutting Plant,,
F102779,Natural Meat,Europark 2057,Houthalen-Helchteren,3530,"Limburg,Flanders",Belgium,RM,CP,N,bovine caprine ovine,CP - Cutting Plant,,
F194(2),Nijsen,Katteweidelaan 45,Diepenbeek,3590,"Limburg,Flanders",Belgium,RM,CP,N,bovine caprine ovine porcine,CP - Cutting Plant,,
F709,Norbert Impens N.V.,Vijverwegel 72,Merelbeke-Melle,9090,"East Flanders,Flanders",Belgium,RM,CP,N,bovine caprine ovine equine porcine,CP - Cutting Plant,,
F820,OMER AMELOOT & ZONEN B.V.,SPOORWEGSTRAAT 61 A,Harelbeke,8530,"West Flanders,Flanders",Belgium,RM,CP,N,bovine caprine ovine equine porcine,CP - Cutting Plant,,
14,Openbaar Slachthuis Diksmuide - Beerst,Wijnendalestraat 121,Diksmuide,8600,"West Flanders,Flanders",Belgium,RM,SH,Y,bovine caprine ovine equine,SH - Slaughterhouse,,
F740,P + M EIFELER FLEISCHVERTRIEB,Talstrasse 12,Sankt Vith/saint-Vith,4780,"Liège,Wallonia",Belgium,RM,CP,N,bovine porcine,CP - Cutting Plant,,
126,PEGRI-SCHLACHTHOF,Alte Aachener Strasse 15,Sankt Vith/saint-Vith,4780,"Liège,Wallonia",Belgium,RM,SH,Y,bovine,SH - Slaughterhouse,,
F246,PINKI NV,Venecolaan 25,Aalter,9880,"East Flanders,Flanders",Belgium,RM,CP,N,bovine caprine ovine equine porcine,CP - Cutting Plant,,
102975 / F102975,PLANQUETTE,Ter Vlucht 9,Ardooie,8850,"West Flanders,Flanders",Belgium,RM,SH CP,Y,bovine,SH - Slaughterhouse | CP - Cutting Plant,,
"184/1, 184",PORC MEAT ZELE,Baaikensstraat 2 B,Zele,9240,"East Flanders,Flanders",Belgium,RM,CP,N,porcine,CP - Cutting Plant,,
74 + F748,PORC QUALITE ARDENNE,Avenue de Norvège 14,Malmedy,4960,"Liège,Wallonia",Belgium,RM,SH CP,Y,bovine caprine ovine porcine,SH - Slaughterhouse | CP - Cutting Plant,,
F561,Peerlinck Peter,Grootzand (GRE) 5,Dendermonde,9200,"East Flanders,Flanders",Belgium,RM,CP,N,porcine,CP - Cutting Plant,,
F1126,Pepermans E. en J.,Slachthuisstraat 1,Zottegem,9620,"East Flanders,Flanders",Belgium,RM,CP,N,bovine,CP - Cutting Plant,,
F1051,Plancke Patrick,Nieuwkapellestraat 44,Diksmuide,8600,"West Flanders,Flanders",Belgium,RM,CP,N,bovine caprine ovine equine porcine,CP - Cutting Plant,,
F414,Pochet Père et Fils,Rue de la Rivièrette(SG) 114,Saint-Ghislain,7330,"Hainaut,Wallonia",Belgium,RM,CP,N,bovine caprine ovine equine,CP - Cutting Plant,,
F720,Provinciaal Instituut PIVA,Desguinlei 244,Antwerpen,2018,"Antwerp,Flanders",Belgium,RM,CP,N,bovine caprine ovine equine porcine,CP - Cutting Plant,,
F655,Q- FOOD,Moortelstraat 21/B,Lokeren,9160,"East Flanders,Flanders",Belgium,RM,CP,N,bovine caprine ovine equine porcine,CP - Cutting Plant,,
F102875,QUALITY FOOD,Kazerneweg(KRU) 23/A000,Kruisem,9770,"East Flanders,Flanders",Belgium,RM,CP,N,bovine caprine ovine porcine,CP - Cutting Plant,,
F335,RASKIN - ARLON S.P.R.L,Rue de Neufchâteau 160,Arlon,6700,"Luxembourg,Wallonia",Belgium,RM,CP,N,bovine caprine ovine porcine,CP - Cutting Plant,,
F105302,REIS 35,Kapellestraat 25,Deinze,9800,"East Flanders,Flanders",Belgium,RM,CP,N,caprine ovine,CP - Cutting Plant,,
160/1,RIMA N.V.,Slachthuislaan 1,Mechelen,2800,"Antwerp,Flanders",Belgium,RM,CP,N,bovine porcine,CP - Cutting Plant,,
F1161,ROODHUYS,Nijverheidslaan 43-45,Diest,3290,"Flemish Brabant,Flanders",Belgium,RM,CP,N,bovine caprine ovine equine porcine,CP - Cutting Plant,,
F417,ROYAL MEAT,Zemstsesteenweg 170,Zemst,1980,"Flemish Brabant,Flanders",Belgium,RM,CP,N,bovine caprine ovine equine porcine,CP - Cutting Plant,,
F274,Renneboog Jan,Kapittelstraat (App) 155,Ninove,9400,"East Flanders,Flanders",Belgium,RM,CP,N,bovine caprine ovine equine porcine,CP - Cutting Plant,,
1/11,Robberechts B.V.B.A.,Rue Ropsy Chaudron 24/20,Anderlecht,1070,Brussels-Capital,Belgium,RM,CP,N,bovine caprine ovine porcine,CP - Cutting Plant,,
F16,Robert Van Landschoot en Zonen,Prins Boudewijnlaan 24,Adegem,9991,"East Flanders,Flanders",Belgium,RM,CP,N,porcine,CP - Cutting Plant,,
165,Roche4Abatt,Rue du Petit Granit 3,Rochefort,5580,"Namur,Wallonia",Belgium,RM,SH CP,Y,bovine caprine ovine,SH - Slaughterhouse | CP - Cutting Plant,,
100926,Ruben Vande Walle,Stationsstraat 14,Kluisbergen,9690,"East Flanders,Flanders",Belgium,RM,SH,Y,bovine caprine ovine porcine,SH - Slaughterhouse,,
185,S.G.L.,Spoorwegstraat 61,Harelbeke,8530,"West Flanders,Flanders",Belgium,RM,SH,Y,bovine caprine ovine equine,SH - Slaughterhouse,,
F29,SABBE Gebroeders,Vedastusstraat 41,Zerkegem,8490,"West Flanders,Flanders",Belgium,RM,CP,N,porcine,CP - Cutting Plant,,
F1009,SEGA-MEAT NV,Ricksteenweg 23 B,Wingene,8750,"West Flanders,Flanders",Belgium,RM,CP,N,,CP - Cutting Plant,,
F1121,SELECT PRODUCT,RUE DE LIEGE 5,Courcelles,6180,"Hainaut,Wallonia",Belgium,RM,CP,N,,CP - Cutting Plant,,
F301,SELYMES,Rue d'Elvaux 19/A,Herve,4650,"Liège,Wallonia",Belgium,RM,CP,N,porcine,CP - Cutting Plant,,
130,SLACHTHUIS GEEL,Winkelom 52,Geel,2440,"Antwerp,Flanders",Belgium,RM,SH,Y,bovine porcine,SH - Slaughterhouse,,
6/1,SLACHTHUIS SWAEGERS,Industrieweg 5,Hoogstraten,2320,"Antwerp,Flanders",Belgium,RM,CP,N,bovine,CP - Cutting Plant,,
6,SLACHTHUIS SWAEGERS,Industrieweg 5,Hoogstraten,2320,"Antwerp,Flanders",Belgium,RM,SH,Y,bovine,SH - Slaughterhouse,,
2,SLACHTHUIS VANLOMMEL,Industrielaan 21,Olen,2250,"Antwerp,Flanders",Belgium,RM,SH CP,Y,bovine,SH - Slaughterhouse | CP - Cutting Plant,,
F860,SPEKINDUSTRIE VAN MAELE NV,Schoorbakkestraat(P) 67,Diksmuide,8600,"West Flanders,Flanders",Belgium,RM,CP,N,porcine,CP - Cutting Plant,,
F977,SPRL CALDERS,Rue Didi 49,Gilly,6060,"Hainaut,Wallonia",Belgium,RM,CP,N,bovine caprine ovine equine porcine,CP - Cutting Plant,,
F102655,SPRL PIERRARD,Rue d'Arlon 90/C,Virton,6760,"Luxembourg,Wallonia",Belgium,RM,CP,N,bovine caprine ovine porcine,CP - Cutting Plant,,
F104198,STARSAVOR,Rue d'Arlon 21 Bis,Florenville,6820,"Luxembourg,Wallonia",Belgium,RM,CP,N,bovine,CP - Cutting Plant,,
F706,SUPER VIANDE,Legen Heirweg 14,Gavere,9890,"East Flanders,Flanders",Belgium,RM,CP,N,bovine,CP - Cutting Plant,,
F103325,SYNTRA MIDDEN VLAANDEREN campus Gent,Autoweg-Zuid 3,Afsnee,9051,"East Flanders,Flanders",Belgium,RM,CP,N,bovine porcine,CP - Cutting Plant,,
F933,Salaisons Duca,Boulevard du Champ d'Aviation(H) 50B,Mouscron,7712,"Hainaut,Wallonia",Belgium,RM,CP,N,bovine caprine ovine porcine,CP - Cutting Plant,,
91/1,Slachthuis Aartselaar,Adriaan Sanderslei 10,Aartselaar,2630,"Antwerp,Flanders",Belgium,RM,CP,N,bovine caprine ovine equine porcine,CP - Cutting Plant,,
79,Slachthuis Heyst,Mechelsesteenweg 101-1,Heist-op-den-Berg,2220,"Antwerp,Flanders",Belgium,RM,SH,Y,bovine equine,SH - Slaughterhouse,,
59,Slachthuis Velzeke,Slachthuisstraat 1,Zottegem,9620,"East Flanders,Flanders",Belgium,RM,SH,Y,bovine,SH - Slaughterhouse,,
F484,Slachtproducten De Jaeghere Bvba,De Arend 7,Zedelgem,8210,"West Flanders,Flanders",Belgium,RM,CP,N,bovine porcine,CP - Cutting Plant,,
F256 (2),Slagerij Kaldenberg,Ottergemsesteenweg-Zuid 720,Ghent,9000,"East Flanders,Flanders",Belgium,RM,CP,N,bovine caprine ovine equine porcine,CP - Cutting Plant,,
F104253-1,Slagerij Kaldenberg,Straatsburgdok-Zuidkaai 8,Antwerpen,2030,"Antwerp,Flanders",Belgium,RM,CP,N,,CP - Cutting Plant,,
F104253,Sligro Food Group Antwerpen,Straatsburgdok-Zuidkaai 8,Antwerpen,2030,"Antwerp,Flanders",Belgium,RM,CP,N,bovine caprine ovine equine porcine,CP - Cutting Plant,,
F256,Sligro Food Group Gent,Ottergemsesteenweg-Zuid 720,Ghent,9000,"East Flanders,Flanders",Belgium,RM,CP,N,bovine caprine ovine equine porcine,CP - Cutting Plant,,
F551,Sligro Food Group Luik,Route de Liers 125,Herstal,4040,"Liège,Wallonia",Belgium,RM,CP,N,bovine caprine ovine porcine,CP - Cutting Plant,,
F104735,Société CORNU,"Rue Major-Mouzon,Ochamps, 70",Libin,6890,"Luxembourg,Wallonia",Belgium,RM,CP,N,bovine,CP - Cutting Plant,,
EG79/1,Stema Meat SPRL,Mechelsesteenweg 101-103,Heist-op-den-Berg,2220,"Antwerp,Flanders",Belgium,RM,CP,N,bovine caprine ovine,CP - Cutting Plant,,
888/8,Sus Campiniae,Nijverheidsstraat 24,Westerlo,2260,"Antwerp,Flanders",Belgium,RM,CP,N,porcine,CP - Cutting Plant,,
888,Sus Campiniae,Nijverheidsstraat 24,Westerlo,2260,"Antwerp,Flanders",Belgium,RM,SH,Y,porcine,SH - Slaughterhouse,,
6/1 (1),Swaegers & co BV,Industrieweg 5,Hoogstraten,2320,"Antwerp,Flanders",Belgium,RM,CP,N,,CP - Cutting Plant,,
F1101,Syntra West VZW,Doorniksesteenweg(KOR) 220,Kortrijk,8500,"West Flanders,Flanders",Belgium,RM,CP,N,bovine caprine ovine porcine,CP - Cutting Plant,,
F104839,Syryn Bart,Lange Limaertstraat(V) 2,Diksmuide,8600,"West Flanders,Flanders",Belgium,RM,CP,N,bovine porcine,CP - Cutting Plant,,
36/1,TAMPERE BVBA,Statiestraat 153,Lichtervelde,8810,"West Flanders,Flanders",Belgium,RM,CP,N,bovine caprine equine,CP - Cutting Plant,,
36,TAMPERE BVBA,Statiestraat 153,Lichtervelde,8810,"West Flanders,Flanders",Belgium,RM,SH,Y,bovine caprine equine,SH - Slaughterhouse,,
F237,TEMMERMAN PASCAL,Mortelveld 33,Nieuwerkerken,9320,"East Flanders,Flanders",Belgium,RM,CP,N,bovine porcine,CP - Cutting Plant,,
F596,TEUGELS,D'Helst 14 B,Lebbeke,9280,"East Flanders,Flanders",Belgium,RM,CP,N,bovine caprine ovine equine porcine,CP - Cutting Plant,,
F986,THIERENS VLEESHANDEL BV,Eurolaan 8,Temse,9140,"East Flanders,Flanders",Belgium,RM,CP,N,porcine,CP - Cutting Plant,,
F45,Theo Bauwens,Heikensstraat 5,Zele,9240,"East Flanders,Flanders",Belgium,RM,CP,N,porcine,CP - Cutting Plant,,
F101859,UNISAD,Broekkempweg 6,Maaseik,3680,"Limburg,Flanders",Belgium,RM,CP,N,bovine,CP - Cutting Plant,,
F605,Urby De Groof en Luc Opdebeeck,Jan Vanderstraetenstraat 85,Sint-Pieters-Leeuw,1600,"Flemish Brabant,Flanders",Belgium,RM,CP,N,bovine caprine ovine equine porcine,CP - Cutting Plant,,
F410,V.D.S.-MEAT,'t Walletje 73,Knokke-Heist,8300,"West Flanders,Flanders",Belgium,RM,CP,N,bovine caprine ovine equine porcine,CP - Cutting Plant,,
F388(2),VAES BVBA,Overbroekstraat 6,Wellen,3830,"Limburg,Flanders",Belgium,RM,CP,N,bovine equine porcine,CP - Cutting Plant,,
F479,VAL-ITMA Site 3,"Rue Cottrel(TOU), 14",Tournai,7500,"Hainaut,Wallonia",Belgium,RM,CP,N,bovine caprine ovine porcine,CP - Cutting Plant,,
F286,VAN AUDENHOVE,Rue du Compas 53,Anderlecht,1070,Brussels-Capital,Belgium,RM,CP,N,bovine porcine,CP - Cutting Plant,,
F763,VAN BOGAERT,Poldergotestraat 28,Zele,9240,"East Flanders,Flanders",Belgium,RM,CP,N,porcine,CP - Cutting Plant,,
F978,VAN DE WALLE SPRL,Rue de Gosselies(WAY) 30,Wayaux,6210,"Hainaut,Wallonia",Belgium,RM,CP,N,bovine caprine ovine equine porcine,CP - Cutting Plant,,
F770,VAN DEN BOSSCHE R. & C°,"Vissegem, 8",Brakel,9660,"East Flanders,Flanders",Belgium,RM,CP,N,bovine caprine ovine equine porcine,CP - Cutting Plant,,
F564,VAN DYCK GERT,Energielaan 24 b 9,Kapellen,2950,"Antwerp,Flanders",Belgium,RM,CP,N,porcine,CP - Cutting Plant,,
F102995,VAN HERREWEGHE,Guido Gezellestraat 140,Lot,1651,"Flemish Brabant,Flanders",Belgium,RM,CP,N,porcine,CP - Cutting Plant,,
11/1,VAN HOORNWEDER MARCEL & Zn NV,Vredelaan 7,Torhout,8820,"West Flanders,Flanders",Belgium,RM,CP,N,porcine,CP - Cutting Plant,,
F174,VAN RUYTEGHEM,Moortelstraat 19,Lokeren,9160,"East Flanders,Flanders",Belgium,RM,CP,N,porcine,CP - Cutting Plant,,
F47,VANDENBOGAERDE,Lar BLOK P 32,Menen,8930,"West Flanders,Flanders",Belgium,RM,CP,N,bovine caprine ovine porcine,CP - Cutting Plant,,
F935,VANDENBOSSCHE,Vaartstraat 1,Izegem,8870,"West Flanders,Flanders",Belgium,RM,CP,N,porcine,CP - Cutting Plant,,
F528,VANDROEMME BVBA,Menensesteenweg 13,Wervik,8940,"West Flanders,Flanders",Belgium,RM,CP,N,bovine caprine ovine porcine,CP - Cutting Plant,,
F1008,VANNIEUWENHUYSE,Esenstraat 22 A,Kortemark,8610,"West Flanders,Flanders",Belgium,RM,CP,N,porcine,CP - Cutting Plant,,
F102217,VDS FOOD,Avenue Van Volxem 461/1,Forest - Vorst,1190,Brussels-Capital,Belgium,RM,CP,N,bovine caprine ovine porcine,CP - Cutting Plant,,
F1132,VDS FOOD BARCHON,Rue Prés-Champs 4,Barchon,4671,"Liège,Wallonia",Belgium,RM,CP,N,bovine caprine ovine porcine,CP - Cutting Plant,,
F103298,VDS Food Wavre,Avenue Léonard de Vinci 6,Wavre,1300,"Walloon Brabant,Wallonia",Belgium,RM,CP,N,bovine caprine ovine porcine,CP - Cutting Plant,,
F608 (2),VEE- EN VLEESGROOTHANDEL,Ijshoutestraat 52,Sint-Lievens-Houtem,9520,"East Flanders,Flanders",Belgium,RM,CP,N,bovine,CP - Cutting Plant,,
100783,VEEGRO,Loberg 2,Lommel,3920,"Limburg,Flanders",Belgium,RM,SH,Y,bovine equine,SH - Slaughterhouse,,
36/1 (3),VERMEERSCH KOEN,Statiestraat 153,Lichtervelde,8810,"West Flanders,Flanders",Belgium,RM,CP,N,bovine,CP - Cutting Plant,,
F602,VERMEERSCH KOEN NV,Mandellaan 365,Roeselare,8800,"West Flanders,Flanders",Belgium,RM,CP,N,bovine caprine ovine,CP - Cutting Plant,,
91/1/1,VERMEIREN vee- en vleesgroothandel,Adriaan Sanderslei 10,Aartselaar,2630,"Antwerp,Flanders",Belgium,RM,CP,N,bovine,CP - Cutting Plant,,
F473,VERSMARKT DELVA,Albert I laan 17,Veurne,8630,"West Flanders,Flanders",Belgium,RM,CP,N,bovine caprine ovine equine porcine,CP - Cutting Plant,,
F282,VIANDE DE LIEGE,Avenue de Jupille 4,Liège,4020,"Liège,Wallonia",Belgium,RM,CP,N,bovine,CP - Cutting Plant,,
F73,VINCENT NV,Vennestraat 134,Genk,3600,"Limburg,Flanders",Belgium,RM,CP,N,bovine caprine ovine equine porcine,CP - Cutting Plant,,
F750,VLEBA NV,Kloosterstraat 58,Lille,2275,"Antwerp,Flanders",Belgium,RM,CP,N,bovine caprine ovine equine porcine,CP - Cutting Plant,,
F721,VLEESBEDRIJF P. WILS,Bouwelven 15,Grobbendonk,2280,"Antwerp,Flanders",Belgium,RM,CP,N,porcine,CP - Cutting Plant,,
F442,VLEESGROOTHANDEL DECORTE,Swolstraat(ICH) 3,Ichtegem,8480,"West Flanders,Flanders",Belgium,RM,CP,N,bovine caprine ovine equine porcine,CP - Cutting Plant,,
F291,VLEESGROOTHANDEL HAUSPIE,Moeresteenweg 10,Adinkerke,8660,"West Flanders,Flanders",Belgium,RM,CP,N,bovine caprine ovine equine porcine,CP - Cutting Plant,,
71 / 71/1,VLEESGROOTHANDEL VAN DE WALLE,Gistelsteenweg 37,Jabbeke,8490,"West Flanders,Flanders",Belgium,RM,SH CP,Y,porcine,SH - Slaughterhouse | CP - Cutting Plant,,
F1140,VLEESGROOTHANDEL VAN RANSBEECK COMM. V.,Oudebaan 5,Affligem,1790,"Flemish Brabant,Flanders",Belgium,RM,CP,N,bovine porcine,CP - Cutting Plant,,
F1040,VLEESGROOTHANDEL VAN WEEHAEGHE PHILIPPE,Gentseweg 545,Sint-Eloois-Vijve,8793,"West Flanders,Flanders",Belgium,RM,CP,N,porcine,CP - Cutting Plant,,
F693,VLEESHALLE CPS NV,Spinnerijstraat 117,Kortrijk,8500,"West Flanders,Flanders",Belgium,RM,CP,N,bovine equine,CP - Cutting Plant,,
F559,VLEESHANDEL CIS & SEPPE VAN DEN BROECK,Bredaseweg 7,Hoogstraten,2322,"Antwerp,Flanders",Belgium,RM,CP,N,bovine caprine ovine equine porcine,CP - Cutting Plant,,
F69,VLEESHANDEL DER KINDEREN CO,Nijverheidsstraat 28,Malle,2390,"Antwerp,Flanders",Belgium,RM,CP,N,porcine,CP - Cutting Plant,,
F1117,VLEESHANDEL JOTTIER,Europark-Noord 34,Sint-Niklaas,9100,"East Flanders,Flanders",Belgium,RM,CP,N,bovine caprine ovine equine porcine,CP - Cutting Plant,,
120/1,VLEESHANDEL VAN REUSEL GH.,Slachthuisstraat 26,Mol,2400,"Antwerp,Flanders",Belgium,RM,CP,N,bovine ovine equine porcine,CP - Cutting Plant,,
36/1 (4),VLEESHUIS D'HOEVE,Statiestraat 153,Lichtervelde,8810,"West Flanders,Flanders",Belgium,RM,CP,N,bovine,CP - Cutting Plant,,
F866,VLEESWAREN BULCKE,Pastoor Bellonstraat 13,Wijgmaal,3018,"Flemish Brabant,Flanders",Belgium,RM,CP,N,bovine porcine,CP - Cutting Plant,,
F433,VLEESWAREN L. MICHIELSSEN PROD L M J,Smederijstraat 30,Schoten,2900,"Antwerp,Flanders",Belgium,RM,CP,N,bovine caprine ovine equine porcine,CP - Cutting Plant,,
F74,VLEESWAREN LAEREMANS,Abdijstraat 3,Gistel,8470,"West Flanders,Flanders",Belgium,RM,CP,N,porcine,CP - Cutting Plant,,
F971,VLEESWAREN SINT-JORIS,Krommewege 35A,Maldegem,9990,"East Flanders,Flanders",Belgium,RM,CP,N,porcine,CP - Cutting Plant,,
F445,VLEESWARENFABRIEK DE COCK,Industriepark-Noord 15,Sint-Niklaas,9100,"East Flanders,Flanders",Belgium,RM,CP,N,porcine,CP - Cutting Plant,,
F895,VLEVIA,Rue de l'Abattoir 44,Mouscron/Moeskroen,7700,"Hainaut,Wallonia",Belgium,RM,CP,N,bovine caprine ovine equine porcine,CP - Cutting Plant,,
F371,VLEVIA GROUP,"Rue Pasquier Grenier(TOU), 10",Tournai,7500,"Hainaut,Wallonia",Belgium,RM,CP,N,,CP - Cutting Plant,,
F650,VLEVICO,Bilkensveld 3,Halle,1500,"Flemish Brabant,Flanders",Belgium,RM,CP,N,bovine caprine ovine equine porcine,CP - Cutting Plant,,
F102421,Van Den Berge Quality Services,Chaussée de Jette 610,Jette,1090,Brussels-Capital,Belgium,RM,CP,N,bovine porcine,CP - Cutting Plant,,
F287,Van Engelandt N.V.,Rue Ropsy Chaudron 83,Anderlecht,1070,Brussels-Capital,Belgium,RM,CP,N,bovine caprine ovine porcine,CP - Cutting Plant,,
51 (1),Van Hessen Belgium Operations,Bruggestraat 140,Wingene,8755,"West Flanders,Flanders",Belgium,RM,SH,Y,porcine,SH - Slaughterhouse,,
135 (2),Van Hessen Belgium Operations,Rue de Merckhof 44,Aubel,4880,"Liège,Wallonia",Belgium,RM,SH,Y,porcine,SH - Slaughterhouse,,
125 (1),Van Hessen Belgium operations N.V.,Komenstraat(Wijtsch) 73,Wijtschate,8953,"West Flanders,Flanders",Belgium,RM,SH,Y,porcine,SH - Slaughterhouse,,
888/1,Van Hessen Belgium operations N.V.,Nijverheidsstraat 24,Westerlo,2260,"Antwerp,Flanders",Belgium,RM,CP,N,porcine,CP - Cutting Plant,,
93 (2),Van Hessen Belgium operations N.V.,Ommegang West(WRB) 9,Westrozebeke,8840,"West Flanders,Flanders",Belgium,RM,SH,Y,porcine,SH - Slaughterhouse,,
184 (2),Van Hessen Belgium operations N.V.,Baaikensstraat 2B,Zele,9240,"East Flanders,Flanders",Belgium,RM,SH,Y,porcine,SH - Slaughterhouse,,
171/1 (1),Van Hessen Belgium operations N.V.,John Lijsenstraat 55,Hoogstraten,2321,"Antwerp,Flanders",Belgium,RM,CP,N,porcine,CP - Cutting Plant,,
13 (2),Van Hessen Belgium operations N.V.,Prins Boudewijnlaan 22,Adegem,9991,"East Flanders,Flanders",Belgium,RM,SH,Y,porcine,SH - Slaughterhouse,,
F101831,Van Loo Joeri,Heirweg 24,Lokeren,9180,"East Flanders,Flanders",Belgium,RM,CP,N,bovine,CP - Cutting Plant,,
F100210(2),Van der Zee België BVBA,Herkenrodesingel 81,Hasselt,3500,"Limburg,Flanders",Belgium,RM,CP,N,bovine porcine,CP - Cutting Plant,,
F823-1,Van der Zee België BVBA,Nijverheidsstraat 54 E,Wommelgem,2160,"Antwerp,Flanders",Belgium,RM,CP,N,bovine porcine,CP - Cutting Plant,,
F104234,Vandenbroucke Pascal,Steenbakkerijstraat 13,Bredene,8450,"West Flanders,Flanders",Belgium,RM,CP,N,bovine caprine ovine equine porcine,CP - Cutting Plant,,
F164,Vanderpoorten,Ambachtenlaan 16,Lochristi,9080,"East Flanders,Flanders",Belgium,RM,CP,N,porcine,CP - Cutting Plant,,
F1150,Vanhauwaert Gino,Industriestraat 6,Wingene,8755,"West Flanders,Flanders",Belgium,RM,CP,N,bovine porcine,CP - Cutting Plant,,
F410 (2),Vanoverschelde Dirk,'t Walletje 73,Knokke-Heist,8300,"West Flanders,Flanders",Belgium,RM,CP,N,bovine caprine ovine porcine,CP - Cutting Plant,,
F342,Velda,Lokerenbaan 131,Zele,9240,"East Flanders,Flanders",Belgium,RM,CP,N,equine,CP - Cutting Plant,,
100904,Verbist Dirk,Rommelaar 80/A,Rillaar,3202,"Flemish Brabant,Flanders",Belgium,RM,SH,Y,porcine,SH - Slaughterhouse,,
F464,Vercaro,Kwatrechtsteenweg 109,Wetteren,9230,"East Flanders,Flanders",Belgium,RM,CP,N,bovine caprine ovine equine porcine,CP - Cutting Plant,,
F103996,Vestigingsplaats van : GO! Centrum voor Volwassenonderwijs Cervo De Panne,Kaaskerkestraat 22 b a,Diksmuide,8600,"West Flanders,Flanders",Belgium,RM,CP,N,bovine porcine,CP - Cutting Plant,,
26/1,Viangro,Rue de la Bienvenue 10,Anderlecht,1070,Brussels-Capital,Belgium,RM,CP,N,bovine caprine ovine equine porcine,CP - Cutting Plant,,
F101387,Vlees van Vandaag,Gelmelstraat 92 b 13,Hoogstraten,2320,"Antwerp,Flanders",Belgium,RM,CP,N,bovine caprine ovine porcine,CP - Cutting Plant,,
F424,Vlees-Centrale-Viande S.A.,Quai Industrie 155,Anderlecht,1070,Brussels-Capital,Belgium,RM,CP,N,bovine caprine ovine equine porcine,CP - Cutting Plant,,
F718,Vleescentrale O.S. N.V.,Koninklijke Baan 200,Middelkerke,8434,"West Flanders,Flanders",Belgium,RM,CP,N,porcine,CP - Cutting Plant,,
F103864,Vleesgroothandel Demuynck Christophe,Noordlaan 7,Kuurne,8520,"West Flanders,Flanders",Belgium,RM,CP,N,bovine caprine ovine,CP - Cutting Plant,,
1/18,Vleesgroothandel Floru William N.V.,Rue Ropsy Chaudron 24,Anderlecht,1070,Brussels-Capital,Belgium,RM,CP,N,porcine,CP - Cutting Plant,,
F40,Vleesgroothandel VERBEKE BVBA,Leenmolenstraat 63,Wingene,8750,"West Flanders,Flanders",Belgium,RM,CP,N,porcine,CP - Cutting Plant,,
F501,Vleeshandel Carlo Maekelberg,Polderstraat(D) 2,Diksmuide,8600,"West Flanders,Flanders",Belgium,RM,CP,N,bovine porcine,CP - Cutting Plant,,
F923,Vleeshandel D & D bvba,Durmelaan 7,Aalter,9880,"East Flanders,Flanders",Belgium,RM,CP,N,bovine caprine ovine equine porcine,CP - Cutting Plant,,
F892,Vleeshandel De Vos B.V.B.A.,Rue du Compas 65,Anderlecht,1070,Brussels-Capital,Belgium,RM,CP,N,bovine caprine ovine equine porcine,CP - Cutting Plant,,
F66,Vleeshandel Ketels,Kortrijksestraat 368,Oostkamp,8020,"West Flanders,Flanders",Belgium,RM,CP,N,porcine,CP - Cutting Plant,,
F1100,Vleeshandel Mulier,Egemsestraat 36,Wingene,8750,"West Flanders,Flanders",Belgium,RM,CP,N,bovine caprine ovine porcine,CP - Cutting Plant,,
F101146,Vleeshandel Nick,Schonekeerstraat 54,Menen,8930,"West Flanders,Flanders",Belgium,RM,CP,N,bovine caprine ovine porcine,CP - Cutting Plant,,
59/1 (1),Vleeshandel Verdickt,Slachthuisstraat 1,Zottegem,9620,"East Flanders,Flanders",Belgium,RM,CP,N,bovine,CP - Cutting Plant,,
17/1 (2),Vleeswaren De Keyser,Hoogserleistraat 3,Tielt,8700,"West Flanders,Flanders",Belgium,RM,CP,N,porcine,CP - Cutting Plant,,
F757,Vleeswaren De Keyser,Rozestraat 25,Ursel,9910,"East Flanders,Flanders",Belgium,RM,CP,N,bovine porcine,CP - Cutting Plant,,
F72,Vleeswarenfabriek Luka,Mechelsesteenweg 780,Vilvoorde,1800,"Flemish Brabant,Flanders",Belgium,RM,CP,N,porcine,CP - Cutting Plant,,
200/1,WAMA-BEEF,Allée des Abattoirs 1,Ciney,5590,"Namur,Wallonia",Belgium,RM,CP,N,bovine caprine ovine porcine,CP - Cutting Plant,,
200,WAMA-BEEF,Allée des Abattoirs 1,Ciney,5590,"Namur,Wallonia",Belgium,RM,SH,Y,bovine caprine ovine porcine,SH - Slaughterhouse,,
93/1,WESTVLEES N.V.,Ommegang West 9,Westrozebeke,8840,"West Flanders,Flanders",Belgium,RM,CP,N,porcine,CP - Cutting Plant,,
F115,WILLEMS JEAN VLEESGROOTHANDEL,Lange Lobroekstraat 9,Antwerpen,2060,"Antwerp,Flanders",Belgium,RM,CP,N,bovine caprine ovine equine porcine,CP - Cutting Plant,,
F123,WINCKELMANS B.V.B.A.,Lippelodorp(LIP) 73,Lippelo,2890,"Antwerp,Flanders",Belgium,RM,CP,N,bovine caprine ovine equine porcine,CP - Cutting Plant,,
F1053,WUIDARD Frères,"Rue de Chesseroux,Battice 22",Battice,4651,"Liège,Wallonia",Belgium,RM,CP,N,bovine caprine ovine equine porcine,CP - Cutting Plant,,
F532,Walravens S.A,80 uyttenhovestraat,Jette,1090,Brussels-Capital,Belgium,RM,CP,N,bovine caprine ovine equine porcine,CP - Cutting Plant,,
140/2,"Watté, Vincent","Chemin des Peupliers, 22",Ath,7800,"Hainaut,Wallonia",Belgium,RM,CP,N,bovine caprine ovine equine porcine,CP - Cutting Plant,,
93,Westvlees,Ommegang West 9,Westrozebeke,8840,"West Flanders,Flanders",Belgium,RM,SH,Y,porcine,SH - Slaughterhouse,,
F782,coprosain,"Chemin des Peupliers, 24",Ath,7800,"Hainaut,Wallonia",Belgium,RM,CP,N,bovine caprine ovine porcine,CP - Cutting Plant,,
F9502,sprl La Fagnarde,"rue du Lac,Robertville, 29",Waimes/Weismes,4950,"Liège,Wallonia",Belgium,RM,CP,N,bovine caprine ovine porcine,CP - Cutting Plant,,
