approval_number,name,address,city,postcode,region,country,group,section,activity,slaughter,species,remarks,date_of_approval,publication_date
TR 33-0258,"""Gümüşdoğa Su Ürün. Ür. İhr. ve İth. A.Ş. Silifke Balık Paketleme ve Depolama Şubesi",Atik Mah. Çayır Sk. No:/A Merkez Silifke,Mersin,33010,"Mersin,Mediterranean Region",Türkiye,third-country,FFP,PP,,,PP - Processing Plant,22/06/2026,
TR 34-K-048026,AKSU VITAL DOGAL URUN.GIDA SAN.VE TIC.A.S.,"KAVAKLI MAH.KUZEY CAD.NO:5 ,BEYLIKDUZU",Istanbul,34209,"Istanbul,Marmara Region",Türkiye,third-country,FFP,PP,,,PP - Processing Plant,04/05/2026,
TR 09-0349,Abalioglu Balik ve Gida Ürünleri Anonim Şirketi Çine Şubesi,-,Çine,09020,"Aydın,Aegean Region",Türkiye,third-country,FFP,PP,,,PP - Processing Plant,,
TR 34-0909,Aden Su Ürûnleri Gida Denizcilik Ins. Nak. Turizm San. Tic Ltd. Sti.,Akcaburgaz Mah. 3049 Sokak No: 2,Esenyurt,34500,"Istanbul,Marmara Region",Türkiye,third-country,FFP,PP,,,PP - Processing Plant,,
TR 09-0036,Agromey Gida Ve Yem San. Tic. A.S.,,Umurlu,09020,"Aydın,Aegean Region",Türkiye,third-country,FFP,PP,,,PP - Processing Plant,,
TR 35-1107,Agromey Gıda ve Yem San. Tic. A. Ş. Torbalı Balık İşleme Şubesi,Yazıbaşı Mah. Karabağ Sokak No:32/1 Torbalı/İZMİR,Izmir,35100,"Izmir,Aegean Region",Türkiye,third-country,FFP,PP,,,PP - Processing Plant,26/05/2023,
TR 61-0024,Akerko Su Ürünleri Sanayi ve Ticaret Anonim Şirketi,Merkez Mah. Mehmet Turan Cad. No:104 Çarşıbaşı,Trabzon,61040,"Trabzon,Black Sea Region",Türkiye,third-country,FFP,PP,,,PP - Processing Plant,08/09/2025,
TR 31-0068,"Akgöl Balikcilik Su Ürünleri Urt. Hay. Ve Hayvan Ürünleri, Bakliyat, Ins. Malz. Nak. Tic. Ith. Ihr. Ltd. Sti.",,Antakya,31060,"Hatay,Mediterranean Region",Türkiye,third-country,FFP,PP,,,PP - Processing Plant,,
TR 17-0584,Akuatek Su Ürünleri Tar. Ür. Gida Turz. San. Ve Tic. A.S.,-,Yenice,,"Çanakkale,Marmara Region",Türkiye,third-country,FFP,PP,,,PP - Processing Plant,,
TR 52-0140,Altaş Su Ürünleri Üretim Pazarlama Tic. ve San. Ltd. Şti.,Çerli Mah. Dereiçi Sokak No:110/1 Merkez Perşembe/ORDU,Ordu,52100,"Ordu,Black Sea Region",Türkiye,third-country,FFP,PP,,,PP - Processing Plant,14/12/2022,
TR 07-0040,Antalya Balik Turizm Gida Tasimacilik Insaat San. Ve Tic. A.S.,,Antalya,07200,"Antalya,Mediterranean Region",Türkiye,third-country,FFP,PP,,,PP - Processing Plant,,
TR 52-0055,Arda Gıda Tarım Hayvancılık İth. İhr. Tic. Ltd. Şti,,Fatsa,52100,"Ordu,Black Sea Region",Türkiye,third-country,FFP,PP,,,PP - Processing Plant,,
TR 32-0021,BARSU Su Ürünleri Turizm Tasimacilik Gida Yas Meyve Ve Sebze Sanayi Ve Tic. Ltd. Sti.,,Gönen,32200,"Isparta,Mediterranean Region",Türkiye,third-country,FFP,PP,,,PP - Processing Plant,,
TR 48-0039,Bagci Balik Gida Ve Enerji Üretimi San. Tic. A.S.,,Köyceğiz,48800,"Muğla,Aegean Region",Türkiye,third-country,FFP,PP,,,PP - Processing Plant,,
TR 16-0083,Bal-Pi Gida San. Tic. Ltd. Sti.,,Nilüfer,16000,"Bursa,Marmara Region",Türkiye,third-country,FFP,PP,,,PP - Processing Plant,,
TR 35-0917,Başaranlar Su Ürünleri Yetiştiriciligi San. Ve Tic. Ltd. Şti. -Izmir Şubesi,Gümüldür Atatürk Mah. Hürriyet Cad. No:50 Merkez Menderes,Izmir,,"Izmir,Aegean Region",Türkiye,third-country,FFP,PP,,,PP - Processing Plant,22/02/2022,
TR 16-0028,Besler Gıda ve Kimya Sanayi ve Ticaret Anonim Şirketi,Akçalar Mh/BURSA,Akçalar,36100,"Kars,Eastern Anatolia Region",Türkiye,third-country,FFP,PP,,,PP - Processing Plant,,
TR 42-0536,Callut Tarim Turizm Ve Su Ürünleri Ith. Ihr. Sanayi Ve Ticaret Ltd. Sti.,TOLCA MAH/HÜYÜK /KONYA,Beyşehir,,"Konya,Central Anatolia Region",Türkiye,third-country,FFP,PP,,,PP - Processing Plant,,
TR 33-0296,Camusfish Su Ürünleri San. ve Tic. Ltd. Şti.,CILEK MAH.63143.SOK.B1 BLOK NO:8/1 KAPI NO:1 AKDENIZ MERSIN,Mersin,33020,"Mersin,Mediterranean Region",Türkiye,third-country,FFP,PP,,,PP - Processing Plant,20/04/2022,
TR 35-0623,Cesurlar Balık Market-Hüseyin ŞENGENÇ,29 Ekim Mah. İzmir Cad.No:47 Merkez Torbalı,Izmir,35100,"Izmir,Aegean Region",Türkiye,third-country,FFP,PP,,,PP - Processing Plant,07/11/2023,
TR 10-0949,Cunda Ada Balikçilik Gida Ve Su Ürünleri Üretim Ith. Ihr. San. Ve Tic. Ltd. Sti.,Kücükköy Mah. Tellikavak Küme Evleri No:6,Ayvalık,10400,"Balıkesir,Marmara Region",Türkiye,third-country,FFP,PP,,,PP - Processing Plant,,
TR 10-0049,Cunda Rastgele Balıkçılık Gıda Ürünleri İnş. Malz. Tarım Mak. Turizm San. ve Tic. Ltd. Şti.,,Ayvalık,10400,"Balıkesir,Marmara Region",Türkiye,third-country,FFP,PP,,,PP - Processing Plant,,
TR57-0050,Dalyan Su Ürünleri ve Gıda Sanayi Ticaret Anonim Şirketi,Güzelceçay Mevkii Karaağaç Dikmen/SİNOP,Sinop,57000,"Sinop,Black Sea Region",Türkiye,third-country,FFP,PP,,,PP - Processing Plant,17/02/2022,
TR 17-0047,Dardanel-Önentas Gida San. A.S.,Kepez Beldesi Boğazkent Mah. Atatürk Cad.No:51 Merkez,Çanakkale,17000,"Çanakkale,Marmara Region",Türkiye,third-country,FFP,PP,,,PP - Processing Plant,11/09/2026,
TR 48-0095,Defne Su Urunleri Sanayi Ve Ticaret Anonim Sirketi,,Milas,,"Muğla,Aegean Region",Türkiye,third-country,FFP,PP,,,PP - Processing Plant,,
TR 22-0183,Delmariscos Su Ürünleri Ithalat Ihracat Limited Sirketi,-,Enez,,"Edirne,Marmara Region",Türkiye,third-country,FFP,PP,,,PP - Processing Plant,,
TR 07-0456,ERC Kerevit Su Ürünleri San. ve Dış Tic. Ltd. Şti.,Altıayak Mah. 8436 Sokak No:2B 9C Kepez/ANTALYA,Antalya,07160,"Antalya,Mediterranean Region; 34 Only for live non-farmed crayfish; 44 For live non-farmed crayfish and for cooked and/or frozen non-farmed crayfish",Türkiye,third-country,FFP,PP,,,PP - Processing Plant,17/12/2024,
TR 34-1548,Enlem Soğuk Hava Depolama Lojistik ve Gıda San. A. Ş.,,Silivri,,"Istanbul,Marmara Region",Türkiye,third-country,FFP,PP,,,PP - Processing Plant,,
TR-20-K- 023284,Ersağ Endüstriyel ve Kimyasal Temizlik Ürünleri Paz. Turz. Gıda İnş. San. Tic. Ltd. Şirketi,Bozburun Mah. 7133. Sok. No:21 Merkezefendi,Denizli,20000,"Denizli,Aegean Region",Türkiye,third-country,FFP,PP,,,PP - Processing Plant,27/02/2023,
TR 35-0041,Ertug Balik Üretim Tesisi Gida Ve Tarim Isletmeleri San. Ve Tic. A.S.,,Bornova,35040,"Izmir,Aegean Region",Türkiye,third-country,FFP,PP,,,PP - Processing Plant,,
TR 59-0297,Fener Balikcilik Su Ürünleri San. Ve Tic. Ltd. Sti.,,Tekirdağ,59030,"Tekirdağ,Marmara Region",Türkiye,third-country,FFP,PP,,,PP - Processing Plant,,
TR 10-1076,Fide Konserve Gıda San. A. Ş. (Susurluk Şubesi),,Susurluk,10050,"Balıkesir,Marmara Region",Türkiye,third-country,FFP,PP,,,PP - Processing Plant,,
TR 12-0082,Fishark Su Ürünleri Üretim San. ve Tic. A.Ş.-Bingöl Şubesi İşleme Tesisi,Organize Sanayi Bölgesi 252 Ada 1 Nolu Parsel Ardıçtepe Köyü,Bingöl,12000,"Bingöl,Eastern Anatolia Region",Türkiye,third-country,FFP,PP,,,PP - Processing Plant,17/08/2026,
TR 35-0055,Fishark Su Ürünleri Üretim Sanayi Ve Ticaret A. S.,,Torbalı,35240,"Izmir,Aegean Region",Türkiye,third-country,FFP,PP,,,PP - Processing Plant,,
TR 16-1155,Fishlime Su Ürünleri Gıda Sanayi İthalat ve İhracat A.Ş.,Atariye Mah. Sırma Cad. No: 70 Mustafakemalpaşa 16500 / Bursa / Türkiye,Mustafakemalpaşa,16500,"Bursa,Marmara Region",Türkiye,third-country,FFP,PP,,,PP - Processing Plant,17/06/2025,
TR 17-0702,Frosta Su Ürünleri Üretim İthalat İhracat Sanayi Ticaret Limited Şirketi,Hamamaltı Mevkii 1010 Sokak No:3 Adilhan Gelibolu/ÇANAKKALE,Çanakkale,17000,"Çanakkale,Marmara Region",Türkiye,third-country,FFP,PP,,,PP - Processing Plant,20/12/2023,
TR 17-0027,Gelibolu Deniz Ürünleri ve Gida San. Ithalat Ihracat Tic. Ltd. Sti.,,Gelibolu,17000,"Çanakkale,Marmara Region",Türkiye,third-country,FFP,PP,,,PP - Processing Plant,,
TR 17-0637,Global Clams Su Urun. San. Ve Tic. Ltd. Sti,,Lapseki,,"Çanakkale,Marmara Region",Türkiye,third-country,FFP,PP,,,PP - Processing Plant,,
TR 48-0040,Gümüsdoga Su Ürl. Üre. Ihr. Ve Ith. A.S.,,Milas,,"Muğla,Aegean Region",Türkiye,third-country,FFP,PP,,,PP - Processing Plant,,
TR 23-0095,Gümüsdoga Su Ürünleri Üretim Ihracat Ve Ithalat A. S.- Keban Subesi,,Keban,23200,"Elazığ,Eastern Anatolia Region",Türkiye,third-country,FFP,PP,,,PP - Processing Plant,,
TR 48-0037,Gümüsdoga Su Ürünleri Üretim Ihracat Ve Ithalat A.S.-Selimiye Subesi,,Milas,,"Muğla,Aegean Region",Türkiye,third-country,FFP,PP,,,PP - Processing Plant,,
TR 57-0067,Gümüşdoğa Su Ürünleri Üretim İhracat ve İthalat Anonim Şirketi-Sinop Şubesi,Demirci Köyü O.S.B. Mevkii 2. Sok. No:8 Demirciköy Merkez/SİNOP,Sinop,57000,"Sinop,Black Sea Region",Türkiye,third-country,FFP,PP,,,PP - Processing Plant,15/12/2022,
TR 48-0285,Gündogdu Su Ürünleri Üretim Ve Paz. San. Ve Tic. Ltd. Sti.,"Kemikler Mahallesi, Güllük-Güvercinlik Arasi No: 15/2",Milas,,"Muğla,Aegean Region",Türkiye,third-country,FFP,PP,,,PP - Processing Plant,,
TR 48-0313,HAT Su Ürn. San. Ve Tic. Ltd. Ştı,,Seydikemer,48850,"Muğla,Aegean Region",Türkiye,third-country,FFP,PP,,,PP - Processing Plant,,
TR 35-0804,Ilknak Su Urunleri Sanayi Ve Ticaret A.S.,-,Menemen,35660,"Izmir,Aegean Region",Türkiye,third-country,FFP,PP,,,PP - Processing Plant,,
TR 17-0036,Istanbul Su Ürl. Ve Gida San. Nak. Ltd. Sti.,,Gelibolu,17000,"Çanakkale,Marmara Region",Türkiye,third-country,FFP,PP,,,PP - Processing Plant,,
TR 48-0228,KILIC Deniz Ürünleri Üretim Ihr. Ith. Ve Tic. A. S. Mentes Subesi,,Milas,,"Muğla,Aegean Region",Türkiye,third-country,FFP,PP,,,PP - Processing Plant,,
TR-34-K-197360,Kampotu İlaç Gıda Sanayi Ve Ticaret Anonim Şirketi-Tuzla,Aydınlı Mah. İstanbul Anadolu Yakası Organize Sanayi Bölgesi Gazi Bulvarı No:50 Tuzla-İSTANBUL,Istanbul,34450,"Istanbul,Marmara Region",Türkiye,third-country,FFP,PP,,,PP - Processing Plant,16/05/2022,
TR 57-0077,Karre Su Ürünleri Enerji San. Tic. Ltd. Şti.,OSB 2. Sokak No: 6 Demirciköy Merkez,Sinop,57000,"Sinop,Black Sea Region",Türkiye,third-country,FFP,PP,,,PP - Processing Plant,23/07/2026,
TR 34-0234,Kemal Balikcilik Ihr. Ltd. Sti.,,Kartal,34126,"Istanbul,Marmara Region",Türkiye,third-country,FFP,PP,,,PP - Processing Plant,,
TR 35-0654,Kemal Balikcilik Ihracat Limited Sirketi-Urla Subesi,Icmeler Mahallesi Cesme Urla-Izmir Asfalti Caddesi Ada:492 Parsel/No:329,Urla,35240,"Izmir,Aegean Region",Türkiye,third-country,FFP,PP,,,PP - Processing Plant,,
TR 48-0044,Kilic Deniz Ürünleri Üretimi Ihr. Ith. Ve Tic. A.S.,Milas Bodrum Karayolu 18. Km. Kemikler Köyü Milas,Milas,,"Muğla,Aegean Region",Türkiye,third-country,FFP,PP,,,PP - Processing Plant,,
TR 46-0025,Kiliç Deniz Ürünleri Üretim Ihracat Ithalat Ticaret Anonim Şirketi,Ferhuş Mah. 26. Sok No:15 Dulkadiroğlu,Dulkadiroğlu,36002,"Kahramanmaraş,Mediterranean Region",Türkiye,third-country,FFP,PP,,,PP - Processing Plant,,
TR 35-0568,Kiris Gida Maddeleri Su Ürünleri Sanayi Ve Ticaret Anonim Sirketi,,Torbalı,35240,"Izmir,Aegean Region",Türkiye,third-country,FFP,PP,,,PP - Processing Plant,,
TR 10-0133,Kocaman Balikcilik Ihr. Ve Ith. Tic. A.S.,,Bandırma,10200,"Balıkesir,Marmara Region",Türkiye,third-country,FFP,PP,,,PP - Processing Plant,,
TR 61-0027,Koptur Balikcilik Gida San. Nakliyat Ve Ticaret Ltd. Sti.,,Çarşıbaşı,61030,"Trabzon,Black Sea Region",Türkiye,third-country,FFP,PP,,,PP - Processing Plant,,
TR 35-1098,Kospi Gıda Tarım Hayvancılık İnşaat Tur. Ür. İth. İhr. Paz. San.ve Tic. Ltd. Şti.,Zafer mah.2321 sok. No:26 Buca,Izmir,35100,"Izmir,Aegean Region",Türkiye,third-country,FFP,PP,,,PP - Processing Plant,20/12/2023,
TR 32-0202,Kuzey Balik-Ahmet Bedirhanoglu,Kozluca Koyu,Keçiborlu,15200,"Isparta,Mediterranean Region",Türkiye,third-country,FFP,PP,,,PP - Processing Plant,,
TR 53-0085,Kuzuoğlu Su Ürünleri Sanayi ve Ticaret Anonim Şirketi,Tatlısu Mah. 40. Cadde No:53 Fındıklı,Rize,53200,"Rize,Black Sea Region",Türkiye,third-country,FFP,PP,,,PP - Processing Plant,12/02/2025,
TR 33-0253,Kılıç Deniz Ürünleri Üretimi İhracat İthalat ve Ticaret A. Ş.,,Silifke,33960,"Mersin,Mediterranean Region",Türkiye,third-country,FFP,PP,,,PP - Processing Plant,,
TR 55-0069,Kıyak Kardeşler Su Ürün. Ürt. ve Akaryakıt İth. İhr. ve Tic. Ltd. Şti.,Toybelen Mah. Ankara Yolu 11.Km Toybelen Mevki Yeşilkent İlkadım,Samsun,55020,"Samsun,Black Sea Region",Türkiye,third-country,FFP,PP,,,PP - Processing Plant,18/02/2025,
TR 11-0023,Liman Entegre Balikçilik San. Ve Tic. Ltd. Sti.,,Bozöyük,,"Bilecik,Marmara Region",Türkiye,third-country,FFP,PP,,,PP - Processing Plant,,
TR 35-0873,MNSP Gıda San. ve Tic. Ltd. Şti.,Balatçık Mahallesi 8901 Sokak No:42/21 Çiğli,Izmir,,"Izmir,Aegean Region",Türkiye,third-country,FFP,PP,,,PP - Processing Plant,08/02/2022,
TR 32-0255,MS Group Su Ürünleri Dış Tıc Ltd. Şti.,,Eğirdir,32200,"Isparta,Mediterranean Region",Türkiye,third-country,FFP,PP,,,PP - Processing Plant,,
TR 35-1095,Marex Food Org. İç ve Dış Tic. Ltd. Şti.,İTOB OSB Mah. 10001 Sokak NO:16 Menderes/İZMİR,Izmir,,"Izmir,Aegean Region",Türkiye,third-country,FFP,PP,,,PP - Processing Plant,19/09/2023,
TR 34-1978,Merzeci İç ve Dış Ticaret A. Ş.,Üniversite Mah. Bağlariçi Cad. 29/2/1 Merkez Avcılar/İSTANBUL,Istanbul,34450,"Istanbul,Marmara Region; 44 For live non-farmed crayfish and for cooked and/or frozen non-farmed crayfish",Türkiye,third-country,FFP,PP,,,PP - Processing Plant,27/06/2022,
TR 20-0637,"Mittos Su Ürünleri, Turizm, Petrol, Nakliyat, Enerji, Hayvancilik, Ithalat, Ihracat San. Ve Tic. Ltd. Sti",,Çameli,,"Denizli,Aegean Region",Türkiye,third-country,FFP,PP,,,PP - Processing Plant,,
TR 22-0515,NURES Su Ürn. San. ve Tic. Ltd. Şti.,,Enez,,"Edirne,Marmara Region",Türkiye,third-country,FFP,PP,,,PP - Processing Plant,,
TR 52-0025,Namsu Su Ürünleri Ticaret Sanayi Anonim Şirketi,Yenipazar Mah. Yenipazar Semti Küme Evleri No:98 Fatsa - Ordu,Ordu,52100,"Ordu,Black Sea Region",Türkiye,third-country,FFP,PP,,,PP - Processing Plant,14/01/2025,
TR 61-0149,Natural Fish Deniz Ürünleri İth. ve İhr. Tic. Ltd. Şti.,Organize Sanayi Bölgesi Seyitahmet Mahallesi 1 No'lu Cad. No:31 Beşikdüzü/TRABZON,Trabzon,61250,"Trabzon,Black Sea Region",Türkiye,third-country,FFP,PP,,,PP - Processing Plant,30/03/2023,
TR 42-1054,Nehirsu Su Ürünleri Sanayi ve Ticaret Limited Şirketi,Bayavşar Mah. 41959 Sok. No:18/1 Merkez Beyşehir KONYA,Konya,42200,"Konya,Central Anatolia Region",Türkiye,third-country,FFP,PP,,,PP - Processing Plant,03/11/2023,
TR 31-0192,Nesa Su Ürünleri Tic. Ve San. A. S.,-,Arsuz,31060,"Hatay,Mediterranean Region",Türkiye,third-country,FFP,PP,,,PP - Processing Plant,,
TR 48-0042,Noordzee Su Ürünleri Ihr. San. Ve Tic. A.S.,Kocakışla Mah. Güllük/Milas,Milas,,"Muğla,Aegean Region",Türkiye,third-country,FFP,PP,,,PP - Processing Plant,,
TR09-0572,Noordzee Su Ürünleri İhracat San. ve Tic. A.Ş.- Söke Şubesi,Söke,Aydın,09010,"Aydın,Aegean Region",Türkiye,third-country,FFP,PP,,,PP - Processing Plant,23/12/2021,
TR 55-0327,Noordzee Su Ürünleri İhracatı Sanayi Ve Ticaret Anonim Şirketi Bafra Balık Fabrikası Şubesi,Doğankaya Mah. Organize Sanayi Bölgesi 2. Cadde No:47/1 Bafra/SAMSUN,Samsun,55040,"Samsun,Black Sea Region",Türkiye,third-country,FFP,PP,,,PP - Processing Plant,15/06/2023,
TR 34-K-063184,Nuvita İlaç ve Kimya Sanayi Ticaret Anonim Şirketi,Akçaburgaz Mah. 153. Sokak No:27/A Merkez Esenyurt,Istanbul,34020,"Istanbul,Marmara Region",Türkiye,third-country,FFP,PP,,,PP - Processing Plant,20/12/2023,
TR 48-0332,Olivka Tarim Urunleri San. Ve Tic. A.S.,,Milas,,"Muğla,Aegean Region",Türkiye,third-country,FFP,PP,,,PP - Processing Plant,,
TR 17-0688,Oro-Demar Su Ürünleri İthalat ve İhracat Pazarlama Sanayi Ticaret Limited Şirketi,Yeni Mah. 107 Sok. NO:2 Evreşe Gelibolu/Çanakkale,Çanakkale,17000,"Çanakkale,Marmara Region",Türkiye,third-country,FFP,PP,,,PP - Processing Plant,29/09/2022,
TR 03-0032,Orvesa Gida San. Ve Tic. A.S. -Dinar Subesi,,Dinar,03400,"Afyonkarahisar,Aegean Region",Türkiye,third-country,FFP,PP,,,PP - Processing Plant,,
TR 35-0745,Ozsu Balik Uretim Anonim Sirketi-Isikkent Subesi,,Bornova,35040,"Izmir,Aegean Region",Türkiye,third-country,FFP,PP,,,PP - Processing Plant,,
TR 06-0695,PGB Seafood Balıkçılık Gıda Üretim İthalat İhracat Sanayi Tic. Ltd. Şti.,"Cemşit Mahallesi, Cemşit Kümeevleri No:420 Gölbaşı/ANKARA",Ankara,06000,"Ankara,Central Anatolia Region",Türkiye,third-country,FFP,PP,,,PP - Processing Plant,22/07/2024,
TR 01-0046,Pakyürek Tarim San. Ve Tic. A.S.,,Yüreğir,01130,"Adana,Mediterranean Region",Türkiye,third-country,FFP,PP,,,PP - Processing Plant,,
TR 55-0328,Parlak Su Ürünleri Sanayi ve Ticaret Anonim Şirketi,Doğankaya Mah. Organize Sanayi Bölgesi 1. Cadde No: 26 Bafra,Samsun,55020,"Samsun,Black Sea Region",Türkiye,third-country,FFP,PP,,,PP - Processing Plant,27/09/2024,
TR 10-0063,Perama Gida Ürünleri San. Ve Tic. A.S.,,Gönen,10900,"Balıkesir,Marmara Region",Türkiye,third-country,FFP,PP,,,PP - Processing Plant,,
TR 35-0042,Pinar Entegre Et Ve Un San. A.S.,,Kemalpaşa,35240,"Izmir,Aegean Region",Türkiye,third-country,FFP,PP,,,PP - Processing Plant,,
TR 33-0332,Polat Balıkçılık Gıda Mad. Rest. Soğuk Hava Dep. Nak. San. ve Tic. Ltd. Şti. Karaduvar Mersin Şubesi,Karaduvar mah. 6594 sok. No:21/A-1 Akdeniz MERSİN,Mersin,33050,"Mersin,Mediterranean Region",Türkiye,third-country,FFP,PP,,,PP - Processing Plant,27/08/2024,
TR 33-0285,Polatlar Deniz Ürünleri Turizm Nakliyat Buz Sanayi ve Ticaret Limited Şirketi-Mersin Şubesi,Cumhuriyet Mah. Cumhuriyet Blv. No:54/1 Akdeniz/MERSİN,Mersin,33020,"Mersin,Mediterranean Region",Türkiye,third-country,FFP,PP,,,PP - Processing Plant,04/04/2022,
TR 61-0026,Politek Insaat Ambalaj Gida Ve Su Ürünleri San. Ve Tic. A.S.,Nuroğlu Mah. Organize Sanayi 10 Nolu Cad. No:6/0 Arsin,Trabzon,61300,"Trabzon,Black Sea Region",Türkiye,third-country,FFP,PP,,,PP - Processing Plant,08/09/2025,
TR 07-0365,Reform Su Urunleri-Mehmet DAMAR,,Manavgat,07600,"Antalya,Mediterranean Region",Türkiye,third-country,FFP,PP,,,PP - Processing Plant,,
TR 57-0073,SEANOP Su Ürünleri İşleme ve Sanayi A.Ş.,Demirciköy OSB 6. Sok. No:4 Demirciköy Merkez,Sinop,57000,"Sinop,Black Sea Region",Türkiye,third-country,FFP,PP,,,PP - Processing Plant,24/02/2025,
TR 16-0867,SKYFOOD GIDA PAZ. SAN VE TIC A.S,CALI MAH BEYAZ CAD NO 1,Nilüfer,16159,"Bursa,Marmara Region",Türkiye,third-country,FFP,PP,,,PP - Processing Plant,17/07/2024,
TR 35-0575,SULTAN GIDA SANAYI VE TICARET ANONIM,FATIH MAH TASAGIL MEVKII MERKEZ KINIK,Izmir,,"Izmir,Aegean Region",Türkiye,third-country,FFP,PP,,,PP - Processing Plant,23/05/2023,
TR 57-0022,Sadiklar Soguk Hava Ve Tesisleri Ve Su Ürünleri San. Tic. Ltd. Sti.,,Dikmen,57000,"Sinop,Black Sea Region",Türkiye,third-country,FFP,PP,,,PP - Processing Plant,,
TR 32-0024,Sahlanlar Gida San. Ve Tic. Ltd. Sti.,,Isparta,32040,"Isparta,Mediterranean Region",Türkiye,third-country,FFP,PP,,,PP - Processing Plant,,
TR 55-0053,Sastas Samsun Sogutma Tesisleri A.S.,SAMSUN ANKARA KARAYOLU 10.KM NO.19,Samsun,55020,"Samsun,Black Sea Region",Türkiye,third-country,FFP,PP,,,PP - Processing Plant,,
TR 01-0058,Sasu Su Ve Tarim Urunleri Gida Tekstil Sanayi Ticaret A.S.,,Yüreğir,01130,"Adana,Mediterranean Region",Türkiye,third-country,FFP,PP,,,PP - Processing Plant,,
TR 34-1110,Sağdıçlar Balıkçılık Turizm İnşaat Gıda Elektrik Elektronik Sanayi ve Dış Ticaret Limited Şirketi,Mimar Sinan Mahallesi Selçukhan Cad. No: 334 Merkez Sultanbeyli,Istanbul,34020,"Istanbul,Marmara Region",Türkiye,third-country,FFP,PP,,,PP - Processing Plant,14/02/2025,
TR 35-1052,Sea Art Deniz Ürünleri Sanayi ve Ticaret Limited Şirketi,İTOP OSB Mah. Ekrem Demirtaş Cad. No:57 Menderes/İZMİR,Izmir,,"Izmir,Aegean Region",Türkiye,third-country,FFP,PP,,,PP - Processing Plant,20/04/2022,
TR 48-0041,Selina Balik Isleme Tesisi Ithalat Ihracat Ve Ticaret Anonim Sirketi,Sahilceylan/Seydikemer/Muğla,Fethiye,48300,"Muğla,Aegean Region",Türkiye,third-country,FFP,PP,,,PP - Processing Plant,,
TR 48-0395,Sez Dağ. Su Ür. Paz. Gıda Tur. Tem. İnş. Eml. Oto. Hay Taş. Bil. Yat. Taah. İth. İhr. Tic. San. Ltd. Şti.,Eskiçeşme Mah. Turgutreis Cad. Avni Kaya İş Merkezi No:247/251 Bodrum/MUĞLA,Muğla,48000,"Muğla,Aegean Region",Türkiye,third-country,FFP,PP,,,PP - Processing Plant,26/11/2024,
TR 66-0141,Sidaş Gıda ve Ambalaj Sanayi ve Ticaret A. Ş.,Organize Sanayi Bölgesi 5. Cad. Saray Yerköy - Yozgat,Yozgat,66100,"Yozgat,Central Anatolia Region",Türkiye,third-country,FFP,PP,,,PP - Processing Plant,19/08/2022,
TR 35-0106,Silo Tarim Ürünleri San. Ve Tic. Ltd. Sti.,,Menemen,35660,"Izmir,Aegean Region",Türkiye,third-country,FFP,PP,,,PP - Processing Plant,,
TR35-0890,Smyrna Goods Su Ürünleri Akaryakıt ve İklimlendirme San. Tic. Ltd. Şti.,Çiğli,Izmir,35100,"Izmir,Aegean Region",Türkiye,third-country,FFP,PP,,,PP - Processing Plant,04/02/2022,
TR 48-0254,Somonsu Gida Tarim Hay. San. Tic. Ltd. Sti.,Yaniklar Mah. Kanalbasi Caddesi No:82,Fethiye,48300,"Muğla,Aegean Region",Türkiye,third-country,FFP,PP,,,PP - Processing Plant,,
TR 01-0395,Sudi Tekstil Gida Tarim Su Urunleri Bilisim Tek. Ins. Enerji Uret. Tur. San. Ve Tic. A.S.,-,Karataş,01130,"Adana,Mediterranean Region",Türkiye,third-country,FFP,PP,,,PP - Processing Plant,,
TR 42-0454,Sugla Su Ürünleri Tas. Tar. Üretim Paz. San. ve Tic. Ltd. Sti.,-,Seydişehir,42002,"Konya,Central Anatolia Region",Türkiye,third-country,FFP,PP,,,PP - Processing Plant,,
TR 48-0338,SÜRSAN Su Ürünleri San. Ve Tic. A. Ş.,,Milas,,"Muğla,Aegean Region",Türkiye,third-country,FFP,PP,,,PP - Processing Plant,,
TR 57-0056,SÜRSAN Su Ürünleri Sanayi Ve Ticaret A.S.,Karaagac Köyü Güzelcecay Mevkii NoÖ 89 / C,Dikmen,57000,"Sinop,Black Sea Region",Türkiye,third-country,FFP,PP,,,PP - Processing Plant,,
TR 48-0084,Sürsan Su Ürünleri San. Ve Tic. A.S.,,Milas,,"Muğla,Aegean Region",Türkiye,third-country,FFP,PP,,,PP - Processing Plant,,
TR 53-0096,Sürsan Su Ürünleri San. ve Tic. A. Ş. Pazar Şubesi,Kocaköprü Mah. Toki Cad. No:201 Pazar/RİZE,Rize,53200,"Rize,Black Sea Region",Türkiye,third-country,FFP,PP,,,PP - Processing Plant,25/07/2024,
TR 23-0141,TK Fısh Su Ürünleri İşleme ve Paketleme Ürt. Paz. İth. İhr. San. Tic. Ltd. Şti.,Teknova OSB 24. Yol No:17/1 Körpe/Merkez,Elazığ,23100,"Elazığ,Eastern Anatolia Region",Türkiye,third-country,FFP,PP,,,PP - Processing Plant,17/04/2024,
TR 07-0029,TSM Deniz Ürünleri Sanayi Ve Ticaret Anonim Sirketi,,Antayla,,"Antalya,Mediterranean Region",Türkiye,third-country,FFP,PP,,,PP - Processing Plant,,
TR-34-K-210340,Tab İlaç Sanayi Anonim Şirketi,Akçaburgaz Mah. Akçaburgaz Cad. No:42,Esenyurt,34126,"Istanbul,Marmara Region",Türkiye,third-country,FFP,PP,,,PP - Processing Plant,22/07/2025,
TR 35-0919,Tan Su Urünleri Sanayi Ve Ticaret Limited Şirketi Kaynaklar Şubesi,,Buca,35000,"Izmir,Aegean Region",Türkiye,third-country,FFP,PP,,,PP - Processing Plant,,
TR17-0708,Ton Balıkçılık Tur. Oto Tar. Ürün San. ve Tic. Ltd. Şti.,Umurbey Merkez Mah. Çiftlik Yolu No:9 Umurbey Lapseki,Çanakkale,17000,"Çanakkale,Marmara Region",Türkiye,third-country,FFP,PP,,,PP - Processing Plant,05/12/2024,
TR 35-0265,Tumay Balik Isleme San. ve Tic. A.S.,,Urla,35240,"Izmir,Aegean Region",Türkiye,third-country,FFP,PP,,,PP - Processing Plant,,
TR 63-0184,Tunç Alabalık Su Ürünleri Üretim Pazarlama ve Sanayi Tic. Ltd. Şti,Duyduk Mah. Duyduk Sok. No:30 Merkez/Birecik/ŞANLIURFA,Şanlıurfa,63040,"Şanlıurfa,Southeastern Anatolia Region",Türkiye,third-country,FFP,PP,,,PP - Processing Plant,27/02/2024,
TR 09-0062,Ugurlu Balik Üretim San. Ve Tic. A.S. - Didim Subesi,Denizköy Mah. Cumhuriyet Cad. No:380,Didim,09270,"Aydın,Aegean Region",Türkiye,third-country,FFP,PP,,,PP - Processing Plant,08/10/2025,
TR 17-0035,Ulubay Soguk Depo Isl. Ve Tic. Ltd. Sti.,,Lapseki,,"Çanakkale,Marmara Region",Türkiye,third-country,FFP,PP,,,PP - Processing Plant,,
TR 35-1205,Ulus Deniz ve Su Ürünleri A.Ş.,İTOB Osb Mah. İTOB Atatürk Cad. No:53,Menderes,35240,"Izmir,Aegean Region",Türkiye,third-country,FFP,PP,,,PP - Processing Plant,07/04/2026,
TR 03-0029,Uluturhan Balikcilik Turizm Ticaret Ltd. Sti.,,Dinar,03400,"Afyonkarahisar,Aegean Region",Türkiye,third-country,FFP,PP,,,PP - Processing Plant,,
TR 34-0282,Varollar Gida San. Tic. A.S.,,Şile,34980,"Istanbul,Marmara Region",Türkiye,third-country,FFP,PP,,,PP - Processing Plant,,
TR34-K-138907,Vefailaç Sanayi Ve Ticaret Limited Şirketi,,Beylikdüzü,34126,"Istanbul,Marmara Region",Türkiye,third-country,FFP,PP,,,PP - Processing Plant,,
TR 35-1023,YLB Dis Ticaret Anonim Sirketi,,Bornova,35040,"Izmir,Aegean Region",Türkiye,third-country,FFP,PP,,,PP - Processing Plant,,
TR 03-0031,Yavuzlar Otomotiv Balikçilik San Ve Tic. Ltd. Sti. Su Ürünleri Isleme Tesisi,,Dazkırı,15200,"Afyonkarahisar,Aegean Region",Türkiye,third-country,FFP,PP,,,PP - Processing Plant,,
TR 42-0425,Yaycet Tarim Turizm Su Ürünleri Ith. Ihr. San. Tic. Ltd. Sti.,,Hüyük,,"Konya,Central Anatolia Region",Türkiye,third-country,FFP,PP,,,PP - Processing Plant,,
TR 35-1130,Çamlı Yem Besicilik San. ve Tic. A.Ş. (Işıkkent Şubesi),Egemenlik Mah. Kemalpaşa Cad. NO:250B Bornova/İZMİR,Izmir,35210,"Izmir,Aegean Region",Türkiye,third-country,FFP,PP,,,PP - Processing Plant,01/07/2024,
TR 17-0700,Önen Gıda Sanayi A. Ş.,Boğazkent Mah. Atatürk Cad. No:51 Kepez Beldesi Merkez/ÇANAKKALE,Çanakkale,17000,"Çanakkale,Marmara Region",Türkiye,third-country,FFP,PP,,,PP - Processing Plant,03/03/2023,
TR 35-0979,Öyküm Su Ürünleri Paz. Gida Tarim Hayv. San Ve Tic. A.Ş. -Sarnicç Fabrika Şubesi,,Gaziemir,35410,"Izmir,Aegean Region",Türkiye,third-country,FFP,PP,,,PP - Processing Plant,,
TR 01-0042,Özcan Catalbas-Catalbas Balikçilik Kristal Buz Imalati Balik Ve Tavuk Tic.,,Karataş,01130,"Adana,Mediterranean Region",Türkiye,third-country,FFP,PP,,,PP - Processing Plant,,
TR 20-0024,Özpekler Insaat Taahhüt Dayanikli Tüketim Mallari Su Ürünleri San. Ve Tic. Ltd. Sti.,,Denizli,20000,"Denizli,Aegean Region",Türkiye,third-country,FFP,PP,,,PP - Processing Plant,,
TR 61-0032,Özsandikcilar Su Ürünleri San. Ve Tic. A.S.,,Arsin,61030,"Trabzon,Black Sea Region",Türkiye,third-country,FFP,PP,,,PP - Processing Plant,,
TR 55-0138,Özsu Balikcilik ve Su Ürün. San. Nak. Tic. Ltd. Sti.,,Bafra,55410,"Samsun,Black Sea Region",Türkiye,third-country,FFP,PP,,,PP - Processing Plant,,
TR 61-0148,İdeal Balıkçılık Dış. Tic. Ltd. Şirketi,Şinik OSB Mahallesi 1 No'lu Cad. No:51 Akçaabat /TRABZON,Trabzon,61000,"Trabzon,Black Sea Region",Türkiye,third-country,FFP,PP,,,PP - Processing Plant,03/04/2024,
TR34-1759,İsyön İstanbul Yönetim Yenileme A.Ş.,Beylikdüzü,Istanbul,34450,"Istanbul,Marmara Region",Türkiye,third-country,FFP,PP,,,PP - Processing Plant,23/12/2021,
TR 35-0994,İzmir Beyaz Midye Gıda A.Ş.,Menemen,Izmir,,"Izmir,Aegean Region",Türkiye,third-country,FFP,PP,,,PP - Processing Plant,05/01/2022,
TR35-0529,ŞB Şahin Balıkçılık Anonim Şirketi,ZAFER MAH.2360 SOK.NO:49 KAYNAKLAR,Buca,35390,"Izmir,Aegean Region",Türkiye,third-country,FFP,PP,,,PP - Processing Plant,12/12/2023,
35-0038,Abalıoğlu Lezita Gıda Sanayi Anonim Şirketi-Entegre Tesisi Şubesi,Bağyurdu Yeni Mahallesi İzmir Ankara Cad. No:650/1,Kemalpaşa,35240,"Izmir,Aegean Region; A Poultry; 17 Poultry meat produced solely for the manufacture of poultry meat products on own territory and intended for export to the EU",Türkiye,third-country,PM,SH,Y,,SH - Slaughterhouse,15/01/2025,
07-0039,Bahar Hindi Entegre Sanayi ve Tic. A.Ş.,Yeniköy Mah. Organize Sanayi Bölgesi 1. Kısım 8. Cadde No:1 Merkez,Döşemealtı,07010,"Antalya,Mediterranean Region; A Poultry; 17 Poultry meat produced solely for the manufacture of poultry meat products on own territory and intended for export to the EU",Türkiye,third-country,PM,SH,Y,,SH - Slaughterhouse,09/07/2025,
10-0024,Banvit Bandirma Vitaminli Yem San. A.S.,,Bandırma,10200,"Balıkesir,Marmara Region; A Poultry; 17 Poultry meat produced solely for the manufacture of poultry meat products on own territory and intended for export to the EU",Türkiye,third-country,PM,SH,Y,,SH - Slaughterhouse,15/01/2025,
14-0021,Beypi Baypazari Tarimsal Uretim Pazarlama A.S.,,Central,,"Bolu,Black Sea Region; A Poultry; 17 Poultry meat produced solely for the manufacture of poultry meat products on own territory and intended for export to the EU",Türkiye,third-country,PM,SH,Y,,SH - Slaughterhouse,15/01/2025,
64-0059,Gedik Tavukçuluk ve Tarım Ürünleri Tic. San. A.Ş.,Kolonkaya Köyü Eşme,Uşak,64400,"Uşak,Aegean Region; A Poultry; 17 Poultry meat produced solely for the manufacture of poultry meat products on own territory and intended for export to the EU",Türkiye,third-country,PM,SH,Y,,SH - Slaughterhouse,15/01/2025,
10-0123,Hastavuk Gıda Tarım Hayvancılık San. ve Tic. A.Ş.,Karapürçek Mah. Hürriyet Cad. No:145 Susurluk,Susurluk,10050,"Balıkesir,Marmara Region; A Poultry; 17 Poultry meat produced solely for the manufacture of poultry meat products on own territory and intended for export to the EU",Türkiye,third-country,PM,SH,Y,,SH - Slaughterhouse,07/07/2025,
45-0038,Keskinoglu Tavukculuk Ve Damuzlik Isletmeleri San. Ve Ticaret A.S.,,Akhisar,45200,"Manisa,Aegean Region; A Poultry; 17 Poultry meat produced solely for the manufacture of poultry meat products on own territory and intended for export to the EU",Türkiye,third-country,PM,SH,Y,,SH - Slaughterhouse,15/01/2025,
35-0042,Pinar Entegre Et Ve Un San. A.S.,,Kemelpasa,,"Izmir,Aegean Region; A Poultry; 17 Poultry meat produced solely for the manufacture of poultry meat products on own territory and intended for export to the EU",Türkiye,third-country,PM,SH,Y,,SH - Slaughterhouse,15/01/2025,
54-0104,Şenpiliç Gıda San. A.Ş.,Alifuatpaşa Mah. Adapazarı Cad. No:134 Geyve - SAKARYA,Geyve,54100,"Sakarya,Marmara Region; A Poultry; 17 Poultry meat produced solely for the manufacture of poultry meat products on own territory and intended for export to the EU",Türkiye,third-country,PM,SH,Y,,SH - Slaughterhouse,29/09/2025,
54 - 0031,Şenpiliç Gıda San. A.Ş.,3. Organize Sanayi Bölgesi 6 Yol No:40 Soğucak Köyü Söğütlü - SAKARYA,Söğütlü,54160,"Sakarya,Marmara Region; A Poultry; 17 Poultry meat produced solely for the manufacture of poultry meat products on own territory and intended for export to the EU",Türkiye,third-country,PM,SH,Y,,SH - Slaughterhouse,29/09/2025,
